<annotation>
	<folder>trainA</folder>
	<filename>0a7cbfc6-bfeebf8d.jpg</filename>
	<path>C:\Users\Clarissa\capstone\Dataset\trainA\0a7cbfc6-bfeebf8d.jpg</path>
	<source>
		<database>Unknown</database>
	</source>
	<size>
		<width>1280</width>
		<height>720</height>
		<depth>3</depth>
	</size>
	<segmented>0</segmented>
	<object>
		<name>Bus</name>
		<pose>Unspecified</pose>
		<truncated>0</truncated>
		<difficult>0</difficult>
		<bndbox>
			<xmin>58</xmin>
			<ymin>139</ymin>
			<xmax>518</xmax>
			<ymax>621</ymax>
		</bndbox>
	</object>
	<object>
		<name>Car</name>
		<pose>Unspecified</pose>
		<truncated>0</truncated>
		<difficult>0</difficult>
		<bndbox>
			<xmin>482</xmin>
			<ymin>401</ymin>
			<xmax>657</xmax>
			<ymax>524</ymax>
		</bndbox>
	</object>
	<object>
		<name>Car</name>
		<pose>Unspecified</pose>
		<truncated>0</truncated>
		<difficult>0</difficult>
		<bndbox>
			<xmin>612</xmin>
			<ymin>409</ymin>
			<xmax>1019</xmax>
			<ymax>611</ymax>
		</bndbox>
	</object>
	<object>
		<name>Car</name>
		<pose>Unspecified</pose>
		<truncated>1</truncated>
		<difficult>0</difficult>
		<bndbox>
			<xmin>1012</xmin>
			<ymin>395</ymin>
			<xmax>1280</xmax>
			<ymax>717</ymax>
		</bndbox>
	</object>
</annotation>