<annotation>
	<folder>trainA</folder>
	<filename>0a800f65-b171d7ac.jpg</filename>
	<path>C:\Users\Clarissa\capstone\Dataset\trainA\0a800f65-b171d7ac.jpg</path>
	<source>
		<database>Unknown</database>
	</source>
	<size>
		<width>1280</width>
		<height>720</height>
		<depth>3</depth>
	</size>
	<segmented>0</segmented>
	<object>
		<name>Truck</name>
		<pose>Unspecified</pose>
		<truncated>0</truncated>
		<difficult>0</difficult>
		<bndbox>
			<xmin>752</xmin>
			<ymin>434</ymin>
			<xmax>837</xmax>
			<ymax>495</ymax>
		</bndbox>
	</object>
	<object>
		<name>Car</name>
		<pose>Unspecified</pose>
		<truncated>0</truncated>
		<difficult>0</difficult>
		<bndbox>
			<xmin>1020</xmin>
			<ymin>434</ymin>
			<xmax>1079</xmax>
			<ymax>464</ymax>
		</bndbox>
	</object>
	<object>
		<name>Car</name>
		<pose>Unspecified</pose>
		<truncated>0</truncated>
		<difficult>0</difficult>
		<bndbox>
			<xmin>809</xmin>
			<ymin>442</ymin>
			<xmax>856</xmax>
			<ymax>476</ymax>
		</bndbox>
	</object>
</annotation>