<annotation>
	<folder>trainA</folder>
	<filename>0a8155a9-57f33092.jpg</filename>
	<path>C:\Users\Clarissa\capstone\Dataset\trainA\0a8155a9-57f33092.jpg</path>
	<source>
		<database>Unknown</database>
	</source>
	<size>
		<width>1280</width>
		<height>720</height>
		<depth>3</depth>
	</size>
	<segmented>0</segmented>
	<object>
		<name>Sign</name>
		<pose>Unspecified</pose>
		<truncated>0</truncated>
		<difficult>0</difficult>
		<bndbox>
			<xmin>272</xmin>
			<ymin>328</ymin>
			<xmax>349</xmax>
			<ymax>378</ymax>
		</bndbox>
	</object>
	<object>
		<name>Car</name>
		<pose>Unspecified</pose>
		<truncated>0</truncated>
		<difficult>0</difficult>
		<bndbox>
			<xmin>7</xmin>
			<ymin>379</ymin>
			<xmax>103</xmax>
			<ymax>445</ymax>
		</bndbox>
	</object>
	<object>
		<name>Car</name>
		<pose>Unspecified</pose>
		<truncated>0</truncated>
		<difficult>0</difficult>
		<bndbox>
			<xmin>461</xmin>
			<ymin>378</ymin>
			<xmax>567</xmax>
			<ymax>461</ymax>
		</bndbox>
	</object>
</annotation>