<annotation>
	<folder>trainA</folder>
	<filename>00a820ef-d655700e.jpg</filename>
	<path>C:\Users\Clarissa\capstone\Dataset\trainA\00a820ef-d655700e.jpg</path>
	<source>
		<database>Unknown</database>
	</source>
	<size>
		<width>1280</width>
		<height>720</height>
		<depth>3</depth>
	</size>
	<segmented>0</segmented>
	<object>
		<name>Car</name>
		<pose>Unspecified</pose>
		<truncated>0</truncated>
		<difficult>0</difficult>
		<bndbox>
			<xmin>711</xmin>
			<ymin>342</ymin>
			<xmax>912</xmax>
			<ymax>503</ymax>
		</bndbox>
	</object>
	<object>
		<name>Car</name>
		<pose>Unspecified</pose>
		<truncated>0</truncated>
		<difficult>0</difficult>
		<bndbox>
			<xmin>890</xmin>
			<ymin>358</ymin>
			<xmax>1012</xmax>
			<ymax>463</ymax>
		</bndbox>
	</object>
	<object>
		<name>Car</name>
		<pose>Unspecified</pose>
		<truncated>1</truncated>
		<difficult>0</difficult>
		<bndbox>
			<xmin>1</xmin>
			<ymin>375</ymin>
			<xmax>110</xmax>
			<ymax>464</ymax>
		</bndbox>
	</object>
</annotation>