<annotation>
	<folder>trainA</folder>
	<filename>0a8368e0-41c6b3b3.jpg</filename>
	<path>C:\Users\Clarissa\capstone\Dataset\trainA\0a8368e0-41c6b3b3.jpg</path>
	<source>
		<database>Unknown</database>
	</source>
	<size>
		<width>1280</width>
		<height>720</height>
		<depth>3</depth>
	</size>
	<segmented>0</segmented>
	<object>
		<name>Truck</name>
		<pose>Unspecified</pose>
		<truncated>1</truncated>
		<difficult>0</difficult>
		<bndbox>
			<xmin>609</xmin>
			<ymin>41</ymin>
			<xmax>1280</xmax>
			<ymax>659</ymax>
		</bndbox>
	</object>
	<object>
		<name>Car</name>
		<pose>Unspecified</pose>
		<truncated>0</truncated>
		<difficult>0</difficult>
		<bndbox>
			<xmin>365</xmin>
			<ymin>434</ymin>
			<xmax>656</xmax>
			<ymax>610</ymax>
		</bndbox>
	</object>
</annotation>