<annotation>
	<folder>trainA</folder>
	<filename>0a848040-9b14805c.jpg</filename>
	<path>C:\Users\Clarissa\capstone\Dataset\trainA\0a848040-9b14805c.jpg</path>
	<source>
		<database>Unknown</database>
	</source>
	<size>
		<width>1280</width>
		<height>720</height>
		<depth>3</depth>
	</size>
	<segmented>0</segmented>
	<object>
		<name>Car</name>
		<pose>Unspecified</pose>
		<truncated>0</truncated>
		<difficult>0</difficult>
		<bndbox>
			<xmin>1089</xmin>
			<ymin>352</ymin>
			<xmax>1267</xmax>
			<ymax>419</ymax>
		</bndbox>
	</object>
	<object>
		<name>Car</name>
		<pose>Unspecified</pose>
		<truncated>0</truncated>
		<difficult>0</difficult>
		<bndbox>
			<xmin>919</xmin>
			<ymin>371</ymin>
			<xmax>1028</xmax>
			<ymax>417</ymax>
		</bndbox>
	</object>
	<object>
		<name>Car</name>
		<pose>Unspecified</pose>
		<truncated>0</truncated>
		<difficult>0</difficult>
		<bndbox>
			<xmin>658</xmin>
			<ymin>365</ymin>
			<xmax>728</xmax>
			<ymax>390</ymax>
		</bndbox>
	</object>
	<object>
		<name>Sign</name>
		<pose>Unspecified</pose>
		<truncated>0</truncated>
		<difficult>0</difficult>
		<bndbox>
			<xmin>618</xmin>
			<ymin>328</ymin>
			<xmax>631</xmax>
			<ymax>352</ymax>
		</bndbox>
	</object>
</annotation>