<annotation>
	<folder>trainA</folder>
	<filename>0a88f32b-929501bf.jpg</filename>
	<path>C:\Users\Clarissa\capstone\Dataset\trainA\0a88f32b-929501bf.jpg</path>
	<source>
		<database>Unknown</database>
	</source>
	<size>
		<width>1280</width>
		<height>720</height>
		<depth>3</depth>
	</size>
	<segmented>0</segmented>
	<object>
		<name>Car</name>
		<pose>Unspecified</pose>
		<truncated>0</truncated>
		<difficult>0</difficult>
		<bndbox>
			<xmin>780</xmin>
			<ymin>359</ymin>
			<xmax>919</xmax>
			<ymax>470</ymax>
		</bndbox>
	</object>
	<object>
		<name>Car</name>
		<pose>Unspecified</pose>
		<truncated>1</truncated>
		<difficult>0</difficult>
		<bndbox>
			<xmin>1</xmin>
			<ymin>235</ymin>
			<xmax>747</xmax>
			<ymax>679</ymax>
		</bndbox>
	</object>
	<object>
		<name>Car</name>
		<pose>Unspecified</pose>
		<truncated>0</truncated>
		<difficult>0</difficult>
		<bndbox>
			<xmin>748</xmin>
			<ymin>374</ymin>
			<xmax>800</xmax>
			<ymax>424</ymax>
		</bndbox>
	</object>
</annotation>