<annotation>
	<folder>trainA</folder>
	<filename>0a894c4b-69d1f4c1.jpg</filename>
	<path>C:\Users\Clarissa\capstone\Dataset\trainA\0a894c4b-69d1f4c1.jpg</path>
	<source>
		<database>Unknown</database>
	</source>
	<size>
		<width>1280</width>
		<height>720</height>
		<depth>3</depth>
	</size>
	<segmented>0</segmented>
	<object>
		<name>Car</name>
		<pose>Unspecified</pose>
		<truncated>0</truncated>
		<difficult>0</difficult>
		<bndbox>
			<xmin>464</xmin>
			<ymin>318</ymin>
			<xmax>570</xmax>
			<ymax>396</ymax>
		</bndbox>
	</object>
	<object>
		<name>Car</name>
		<pose>Unspecified</pose>
		<truncated>0</truncated>
		<difficult>0</difficult>
		<bndbox>
			<xmin>675</xmin>
			<ymin>309</ymin>
			<xmax>1092</xmax>
			<ymax>541</ymax>
		</bndbox>
	</object>
	<object>
		<name>Bus</name>
		<pose>Unspecified</pose>
		<truncated>0</truncated>
		<difficult>0</difficult>
		<bndbox>
			<xmin>642</xmin>
			<ymin>229</ymin>
			<xmax>855</xmax>
			<ymax>403</ymax>
		</bndbox>
	</object>
	<object>
		<name>Sign</name>
		<pose>Unspecified</pose>
		<truncated>0</truncated>
		<difficult>0</difficult>
		<bndbox>
			<xmin>332</xmin>
			<ymin>341</ymin>
			<xmax>388</xmax>
			<ymax>371</ymax>
		</bndbox>
	</object>
</annotation>