<annotation>
	<folder>trainA</folder>
	<filename>0a98248b-de4df1d4.jpg</filename>
	<path>C:\Users\Clarissa\capstone\Dataset\trainA\0a98248b-de4df1d4.jpg</path>
	<source>
		<database>Unknown</database>
	</source>
	<size>
		<width>1280</width>
		<height>720</height>
		<depth>3</depth>
	</size>
	<segmented>0</segmented>
	<object>
		<name>Car</name>
		<pose>Unspecified</pose>
		<truncated>0</truncated>
		<difficult>0</difficult>
		<bndbox>
			<xmin>721</xmin>
			<ymin>288</ymin>
			<xmax>772</xmax>
			<ymax>352</ymax>
		</bndbox>
	</object>
	<object>
		<name>Car</name>
		<pose>Unspecified</pose>
		<truncated>0</truncated>
		<difficult>0</difficult>
		<bndbox>
			<xmin>792</xmin>
			<ymin>290</ymin>
			<xmax>816</xmax>
			<ymax>318</ymax>
		</bndbox>
	</object>
</annotation>