<annotation>
	<folder>trainA</folder>
	<filename>0a989e4a-adbb9cd9.jpg</filename>
	<path>C:\Users\Clarissa\capstone\Dataset\trainA\0a989e4a-adbb9cd9.jpg</path>
	<source>
		<database>Unknown</database>
	</source>
	<size>
		<width>1280</width>
		<height>720</height>
		<depth>3</depth>
	</size>
	<segmented>0</segmented>
	<object>
		<name>Car</name>
		<pose>Unspecified</pose>
		<truncated>0</truncated>
		<difficult>0</difficult>
		<bndbox>
			<xmin>854</xmin>
			<ymin>275</ymin>
			<xmax>894</xmax>
			<ymax>315</ymax>
		</bndbox>
	</object>
	<object>
		<name>Car</name>
		<pose>Unspecified</pose>
		<truncated>0</truncated>
		<difficult>0</difficult>
		<bndbox>
			<xmin>748</xmin>
			<ymin>278</ymin>
			<xmax>780</xmax>
			<ymax>312</ymax>
		</bndbox>
	</object>
	<object>
		<name>Car</name>
		<pose>Unspecified</pose>
		<truncated>0</truncated>
		<difficult>0</difficult>
		<bndbox>
			<xmin>541</xmin>
			<ymin>274</ymin>
			<xmax>644</xmax>
			<ymax>348</ymax>
		</bndbox>
	</object>
</annotation>