<annotation>
	<folder>trainA</folder>
	<filename>0a9d03d6-02ea8201.jpg</filename>
	<path>C:\Users\Clarissa\capstone\Dataset\trainA\0a9d03d6-02ea8201.jpg</path>
	<source>
		<database>Unknown</database>
	</source>
	<size>
		<width>1280</width>
		<height>720</height>
		<depth>3</depth>
	</size>
	<segmented>0</segmented>
	<object>
		<name>Car</name>
		<pose>Unspecified</pose>
		<truncated>0</truncated>
		<difficult>0</difficult>
		<bndbox>
			<xmin>553</xmin>
			<ymin>377</ymin>
			<xmax>612</xmax>
			<ymax>426</ymax>
		</bndbox>
	</object>
	<object>
		<name>Car</name>
		<pose>Unspecified</pose>
		<truncated>0</truncated>
		<difficult>0</difficult>
		<bndbox>
			<xmin>845</xmin>
			<ymin>375</ymin>
			<xmax>969</xmax>
			<ymax>458</ymax>
		</bndbox>
	</object>
</annotation>