<annotation>
	<folder>trainA</folder>
	<filename>0ab44e9a-c1cdae82.jpg</filename>
	<path>C:\Users\Clarissa\capstone\Dataset\trainA\0ab44e9a-c1cdae82.jpg</path>
	<source>
		<database>Unknown</database>
	</source>
	<size>
		<width>1280</width>
		<height>720</height>
		<depth>3</depth>
	</size>
	<segmented>0</segmented>
	<object>
		<name>Car</name>
		<pose>Unspecified</pose>
		<truncated>0</truncated>
		<difficult>0</difficult>
		<bndbox>
			<xmin>446</xmin>
			<ymin>332</ymin>
			<xmax>636</xmax>
			<ymax>492</ymax>
		</bndbox>
	</object>
	<object>
		<name>Bicycle</name>
		<pose>Unspecified</pose>
		<truncated>0</truncated>
		<difficult>0</difficult>
		<bndbox>
			<xmin>652</xmin>
			<ymin>328</ymin>
			<xmax>677</xmax>
			<ymax>407</ymax>
		</bndbox>
	</object>
	<object>
		<name>Car</name>
		<pose>Unspecified</pose>
		<truncated>0</truncated>
		<difficult>0</difficult>
		<bndbox>
			<xmin>693</xmin>
			<ymin>355</ymin>
			<xmax>792</xmax>
			<ymax>418</ymax>
		</bndbox>
	</object>
	<object>
		<name>Car</name>
		<pose>Unspecified</pose>
		<truncated>0</truncated>
		<difficult>0</difficult>
		<bndbox>
			<xmin>809</xmin>
			<ymin>345</ymin>
			<xmax>1014</xmax>
			<ymax>459</ymax>
		</bndbox>
	</object>
</annotation>