<annotation>
	<folder>trainA</folder>
	<filename>0ab5e3f4-f18c2028.jpg</filename>
	<path>C:\Users\Clarissa\capstone\Dataset\trainA\0ab5e3f4-f18c2028.jpg</path>
	<source>
		<database>Unknown</database>
	</source>
	<size>
		<width>1280</width>
		<height>720</height>
		<depth>3</depth>
	</size>
	<segmented>0</segmented>
	<object>
		<name>Truck</name>
		<pose>Unspecified</pose>
		<truncated>0</truncated>
		<difficult>0</difficult>
		<bndbox>
			<xmin>450</xmin>
			<ymin>227</ymin>
			<xmax>616</xmax>
			<ymax>446</ymax>
		</bndbox>
	</object>
	<object>
		<name>Sign</name>
		<pose>Unspecified</pose>
		<truncated>0</truncated>
		<difficult>0</difficult>
		<bndbox>
			<xmin>787</xmin>
			<ymin>259</ymin>
			<xmax>836</xmax>
			<ymax>317</ymax>
		</bndbox>
	</object>
	<object>
		<name>Car</name>
		<pose>Unspecified</pose>
		<truncated>0</truncated>
		<difficult>0</difficult>
		<bndbox>
			<xmin>130</xmin>
			<ymin>372</ymin>
			<xmax>178</xmax>
			<ymax>399</ymax>
		</bndbox>
	</object>
	<object>
		<name>Car</name>
		<pose>Unspecified</pose>
		<truncated>0</truncated>
		<difficult>0</difficult>
		<bndbox>
			<xmin>223</xmin>
			<ymin>361</ymin>
			<xmax>262</xmax>
			<ymax>387</ymax>
		</bndbox>
	</object>
</annotation>