<annotation>
	<folder>trainA</folder>
	<filename>0ab64198-7d54b45b.jpg</filename>
	<path>C:\Users\Clarissa\capstone\Dataset\trainA\0ab64198-7d54b45b.jpg</path>
	<source>
		<database>Unknown</database>
	</source>
	<size>
		<width>1280</width>
		<height>720</height>
		<depth>3</depth>
	</size>
	<segmented>0</segmented>
	<object>
		<name>Car</name>
		<pose>Unspecified</pose>
		<truncated>0</truncated>
		<difficult>0</difficult>
		<bndbox>
			<xmin>680</xmin>
			<ymin>345</ymin>
			<xmax>926</xmax>
			<ymax>481</ymax>
		</bndbox>
	</object>
	<object>
		<name>Car</name>
		<pose>Unspecified</pose>
		<truncated>1</truncated>
		<difficult>0</difficult>
		<bndbox>
			<xmin>1161</xmin>
			<ymin>272</ymin>
			<xmax>1280</xmax>
			<ymax>555</ymax>
		</bndbox>
	</object>
	<object>
		<name>Car</name>
		<pose>Unspecified</pose>
		<truncated>0</truncated>
		<difficult>0</difficult>
		<bndbox>
			<xmin>971</xmin>
			<ymin>345</ymin>
			<xmax>1110</xmax>
			<ymax>397</ymax>
		</bndbox>
	</object>
	<object>
		<name>Car</name>
		<pose>Unspecified</pose>
		<truncated>0</truncated>
		<difficult>0</difficult>
		<bndbox>
			<xmin>866</xmin>
			<ymin>351</ymin>
			<xmax>963</xmax>
			<ymax>402</ymax>
		</bndbox>
	</object>
	<object>
		<name>Sign</name>
		<pose>Unspecified</pose>
		<truncated>0</truncated>
		<difficult>0</difficult>
		<bndbox>
			<xmin>142</xmin>
			<ymin>393</ymin>
			<xmax>210</xmax>
			<ymax>461</ymax>
		</bndbox>
	</object>
</annotation>