<annotation>
	<folder>trainA</folder>
	<filename>0ab88790-45181ff1.jpg</filename>
	<path>C:\Users\Clarissa\capstone\Dataset\trainA\0ab88790-45181ff1.jpg</path>
	<source>
		<database>Unknown</database>
	</source>
	<size>
		<width>1280</width>
		<height>720</height>
		<depth>3</depth>
	</size>
	<segmented>0</segmented>
	<object>
		<name>Car</name>
		<pose>Unspecified</pose>
		<truncated>0</truncated>
		<difficult>0</difficult>
		<bndbox>
			<xmin>5</xmin>
			<ymin>251</ymin>
			<xmax>204</xmax>
			<ymax>293</ymax>
		</bndbox>
	</object>
	<object>
		<name>Car</name>
		<pose>Unspecified</pose>
		<truncated>0</truncated>
		<difficult>0</difficult>
		<bndbox>
			<xmin>396</xmin>
			<ymin>246</ymin>
			<xmax>450</xmax>
			<ymax>277</ymax>
		</bndbox>
	</object>
</annotation>