<annotation>
	<folder>trainA</folder>
	<filename>0ab9e3d4-899e764f.jpg</filename>
	<path>C:\Users\Clarissa\capstone\Dataset\trainA\0ab9e3d4-899e764f.jpg</path>
	<source>
		<database>Unknown</database>
	</source>
	<size>
		<width>1280</width>
		<height>720</height>
		<depth>3</depth>
	</size>
	<segmented>0</segmented>
	<object>
		<name>Car</name>
		<pose>Unspecified</pose>
		<truncated>0</truncated>
		<difficult>0</difficult>
		<bndbox>
			<xmin>104</xmin>
			<ymin>5</ymin>
			<xmax>849</xmax>
			<ymax>408</ymax>
		</bndbox>
	</object>
	<object>
		<name>Car</name>
		<pose>Unspecified</pose>
		<truncated>0</truncated>
		<difficult>0</difficult>
		<bndbox>
			<xmin>769</xmin>
			<ymin>150</ymin>
			<xmax>927</xmax>
			<ymax>293</ymax>
		</bndbox>
	</object>
	<object>
		<name>Car</name>
		<pose>Unspecified</pose>
		<truncated>1</truncated>
		<difficult>0</difficult>
		<bndbox>
			<xmin>978</xmin>
			<ymin>153</ymin>
			<xmax>1280</xmax>
			<ymax>439</ymax>
		</bndbox>
	</object>
</annotation>