<annotation>
	<folder>trainA</folder>
	<filename>0ac0714b-556be0cc.jpg</filename>
	<path>C:\Users\Clarissa\capstone\Dataset\trainA\0ac0714b-556be0cc.jpg</path>
	<source>
		<database>Unknown</database>
	</source>
	<size>
		<width>1280</width>
		<height>720</height>
		<depth>3</depth>
	</size>
	<segmented>0</segmented>
	<object>
		<name>Truck</name>
		<pose>Unspecified</pose>
		<truncated>0</truncated>
		<difficult>0</difficult>
		<bndbox>
			<xmin>428</xmin>
			<ymin>236</ymin>
			<xmax>674</xmax>
			<ymax>485</ymax>
		</bndbox>
	</object>
	<object>
		<name>Car</name>
		<pose>Unspecified</pose>
		<truncated>0</truncated>
		<difficult>0</difficult>
		<bndbox>
			<xmin>16</xmin>
			<ymin>361</ymin>
			<xmax>320</xmax>
			<ymax>543</ymax>
		</bndbox>
	</object>
	<object>
		<name>Pedestrian</name>
		<pose>Unspecified</pose>
		<truncated>1</truncated>
		<difficult>0</difficult>
		<bndbox>
			<xmin>1</xmin>
			<ymin>305</ymin>
			<xmax>45</xmax>
			<ymax>426</ymax>
		</bndbox>
	</object>
</annotation>