<annotation>
	<folder>trainA</folder>
	<filename>0ac0714b-95c0e9b6.jpg</filename>
	<path>C:\Users\Clarissa\capstone\Dataset\trainA\0ac0714b-95c0e9b6.jpg</path>
	<source>
		<database>Unknown</database>
	</source>
	<size>
		<width>1280</width>
		<height>720</height>
		<depth>3</depth>
	</size>
	<segmented>0</segmented>
	<object>
		<name>Car</name>
		<pose>Unspecified</pose>
		<truncated>0</truncated>
		<difficult>0</difficult>
		<bndbox>
			<xmin>429</xmin>
			<ymin>375</ymin>
			<xmax>613</xmax>
			<ymax>538</ymax>
		</bndbox>
	</object>
	<object>
		<name>Car</name>
		<pose>Unspecified</pose>
		<truncated>0</truncated>
		<difficult>0</difficult>
		<bndbox>
			<xmin>327</xmin>
			<ymin>398</ymin>
			<xmax>449</xmax>
			<ymax>456</ymax>
		</bndbox>
	</object>
	<object>
		<name>Car</name>
		<pose>Unspecified</pose>
		<truncated>0</truncated>
		<difficult>0</difficult>
		<bndbox>
			<xmin>603</xmin>
			<ymin>383</ymin>
			<xmax>690</xmax>
			<ymax>445</ymax>
		</bndbox>
	</object>
	<object>
		<name>Car</name>
		<pose>Unspecified</pose>
		<truncated>0</truncated>
		<difficult>0</difficult>
		<bndbox>
			<xmin>795</xmin>
			<ymin>311</ymin>
			<xmax>1178</xmax>
			<ymax>557</ymax>
		</bndbox>
	</object>
	<object>
		<name>Car</name>
		<pose>Unspecified</pose>
		<truncated>0</truncated>
		<difficult>0</difficult>
		<bndbox>
			<xmin>715</xmin>
			<ymin>365</ymin>
			<xmax>839</xmax>
			<ymax>484</ymax>
		</bndbox>
	</object>
</annotation>