<annotation>
	<folder>trainA</folder>
	<filename>0ac20953-3ebb3335.jpg</filename>
	<path>C:\Users\Clarissa\capstone\Dataset\trainA\0ac20953-3ebb3335.jpg</path>
	<source>
		<database>Unknown</database>
	</source>
	<size>
		<width>1280</width>
		<height>720</height>
		<depth>3</depth>
	</size>
	<segmented>0</segmented>
	<object>
		<name>Car</name>
		<pose>Unspecified</pose>
		<truncated>0</truncated>
		<difficult>0</difficult>
		<bndbox>
			<xmin>442</xmin>
			<ymin>323</ymin>
			<xmax>543</xmax>
			<ymax>429</ymax>
		</bndbox>
	</object>
	<object>
		<name>Car</name>
		<pose>Unspecified</pose>
		<truncated>0</truncated>
		<difficult>0</difficult>
		<bndbox>
			<xmin>21</xmin>
			<ymin>323</ymin>
			<xmax>257</xmax>
			<ymax>505</ymax>
		</bndbox>
	</object>
	<object>
		<name>Pedestrian</name>
		<pose>Unspecified</pose>
		<truncated>0</truncated>
		<difficult>0</difficult>
		<bndbox>
			<xmin>11</xmin>
			<ymin>331</ymin>
			<xmax>37</xmax>
			<ymax>398</ymax>
		</bndbox>
	</object>
</annotation>