<annotation>
	<folder>trainA</folder>
	<filename>0ac3cbf4-07c64adc.jpg</filename>
	<path>C:\Users\Clarissa\capstone\Dataset\trainA\0ac3cbf4-07c64adc.jpg</path>
	<source>
		<database>Unknown</database>
	</source>
	<size>
		<width>1280</width>
		<height>720</height>
		<depth>3</depth>
	</size>
	<segmented>0</segmented>
	<object>
		<name>Car</name>
		<pose>Unspecified</pose>
		<truncated>0</truncated>
		<difficult>0</difficult>
		<bndbox>
			<xmin>832</xmin>
			<ymin>337</ymin>
			<xmax>881</xmax>
			<ymax>382</ymax>
		</bndbox>
	</object>
	<object>
		<name>Bus</name>
		<pose>Unspecified</pose>
		<truncated>0</truncated>
		<difficult>0</difficult>
		<bndbox>
			<xmin>814</xmin>
			<ymin>315</ymin>
			<xmax>853</xmax>
			<ymax>359</ymax>
		</bndbox>
	</object>
	<object>
		<name>Sign</name>
		<pose>Unspecified</pose>
		<truncated>0</truncated>
		<difficult>0</difficult>
		<bndbox>
			<xmin>938</xmin>
			<ymin>252</ymin>
			<xmax>995</xmax>
			<ymax>323</ymax>
		</bndbox>
	</object>
	<object>
		<name>Sign</name>
		<pose>Unspecified</pose>
		<truncated>0</truncated>
		<difficult>0</difficult>
		<bndbox>
			<xmin>1035</xmin>
			<ymin>212</ymin>
			<xmax>1076</xmax>
			<ymax>268</ymax>
		</bndbox>
	</object>
</annotation>