<annotation>
	<folder>trainA</folder>
	<filename>0ac3cbf4-2bbc1544.jpg</filename>
	<path>C:\Users\Clarissa\capstone\Dataset\trainA\0ac3cbf4-2bbc1544.jpg</path>
	<source>
		<database>Unknown</database>
	</source>
	<size>
		<width>1280</width>
		<height>720</height>
		<depth>3</depth>
	</size>
	<segmented>0</segmented>
	<object>
		<name>Car</name>
		<pose>Unspecified</pose>
		<truncated>0</truncated>
		<difficult>0</difficult>
		<bndbox>
			<xmin>563</xmin>
			<ymin>355</ymin>
			<xmax>821</xmax>
			<ymax>550</ymax>
		</bndbox>
	</object>
	<object>
		<name>Car</name>
		<pose>Unspecified</pose>
		<truncated>0</truncated>
		<difficult>0</difficult>
		<bndbox>
			<xmin>451</xmin>
			<ymin>365</ymin>
			<xmax>539</xmax>
			<ymax>432</ymax>
		</bndbox>
	</object>
	<object>
		<name>Car</name>
		<pose>Unspecified</pose>
		<truncated>0</truncated>
		<difficult>0</difficult>
		<bndbox>
			<xmin>162</xmin>
			<ymin>374</ymin>
			<xmax>326</xmax>
			<ymax>475</ymax>
		</bndbox>
	</object>
	<object>
		<name>Car</name>
		<pose>Unspecified</pose>
		<truncated>0</truncated>
		<difficult>0</difficult>
		<bndbox>
			<xmin>331</xmin>
			<ymin>378</ymin>
			<xmax>397</xmax>
			<ymax>417</ymax>
		</bndbox>
	</object>
</annotation>