<annotation>
	<folder>trainA</folder>
	<filename>0ac3cbf4-a764f88c.jpg</filename>
	<path>C:\Users\Clarissa\capstone\Dataset\trainA\0ac3cbf4-a764f88c.jpg</path>
	<source>
		<database>Unknown</database>
	</source>
	<size>
		<width>1280</width>
		<height>720</height>
		<depth>3</depth>
	</size>
	<segmented>0</segmented>
	<object>
		<name>Sign</name>
		<pose>Unspecified</pose>
		<truncated>0</truncated>
		<difficult>0</difficult>
		<bndbox>
			<xmin>712</xmin>
			<ymin>241</ymin>
			<xmax>782</xmax>
			<ymax>338</ymax>
		</bndbox>
	</object>
	<object>
		<name>Car</name>
		<pose>Unspecified</pose>
		<truncated>0</truncated>
		<difficult>0</difficult>
		<bndbox>
			<xmin>241</xmin>
			<ymin>324</ymin>
			<xmax>705</xmax>
			<ymax>660</ymax>
		</bndbox>
	</object>
	<object>
		<name>Car</name>
		<pose>Unspecified</pose>
		<truncated>1</truncated>
		<difficult>0</difficult>
		<bndbox>
			<xmin>1</xmin>
			<ymin>335</ymin>
			<xmax>244</xmax>
			<ymax>539</ymax>
		</bndbox>
	</object>
</annotation>