<annotation>
	<folder>trainA</folder>
	<filename>0ac3cbf4-ce89456d.jpg</filename>
	<path>C:\Users\Clarissa\capstone\Dataset\trainA\0ac3cbf4-ce89456d.jpg</path>
	<source>
		<database>Unknown</database>
	</source>
	<size>
		<width>1280</width>
		<height>720</height>
		<depth>3</depth>
	</size>
	<segmented>0</segmented>
	<object>
		<name>Pedestrian</name>
		<pose>Unspecified</pose>
		<truncated>0</truncated>
		<difficult>0</difficult>
		<bndbox>
			<xmin>1218</xmin>
			<ymin>292</ymin>
			<xmax>1279</xmax>
			<ymax>448</ymax>
		</bndbox>
	</object>
	<object>
		<name>Car</name>
		<pose>Unspecified</pose>
		<truncated>0</truncated>
		<difficult>0</difficult>
		<bndbox>
			<xmin>181</xmin>
			<ymin>324</ymin>
			<xmax>417</xmax>
			<ymax>496</ymax>
		</bndbox>
	</object>
	<object>
		<name>Car</name>
		<pose>Unspecified</pose>
		<truncated>0</truncated>
		<difficult>0</difficult>
		<bndbox>
			<xmin>410</xmin>
			<ymin>352</ymin>
			<xmax>510</xmax>
			<ymax>419</ymax>
		</bndbox>
	</object>
	<object>
		<name>Car</name>
		<pose>Unspecified</pose>
		<truncated>0</truncated>
		<difficult>0</difficult>
		<bndbox>
			<xmin>520</xmin>
			<ymin>356</ymin>
			<xmax>578</xmax>
			<ymax>403</ymax>
		</bndbox>
	</object>
</annotation>