<annotation>
	<folder>trainA</folder>
	<filename>0ac47490-900fb1f7.jpg</filename>
	<path>C:\Users\Clarissa\capstone\Dataset\trainA\0ac47490-900fb1f7.jpg</path>
	<source>
		<database>Unknown</database>
	</source>
	<size>
		<width>1280</width>
		<height>720</height>
		<depth>3</depth>
	</size>
	<segmented>0</segmented>
	<object>
		<name>Truck</name>
		<pose>Unspecified</pose>
		<truncated>0</truncated>
		<difficult>0</difficult>
		<bndbox>
			<xmin>374</xmin>
			<ymin>225</ymin>
			<xmax>516</xmax>
			<ymax>370</ymax>
		</bndbox>
	</object>
	<object>
		<name>Car</name>
		<pose>Unspecified</pose>
		<truncated>0</truncated>
		<difficult>0</difficult>
		<bndbox>
			<xmin>592</xmin>
			<ymin>263</ymin>
			<xmax>707</xmax>
			<ymax>341</ymax>
		</bndbox>
	</object>
	<object>
		<name>Car</name>
		<pose>Unspecified</pose>
		<truncated>0</truncated>
		<difficult>0</difficult>
		<bndbox>
			<xmin>722</xmin>
			<ymin>258</ymin>
			<xmax>815</xmax>
			<ymax>329</ymax>
		</bndbox>
	</object>
	<object>
		<name>Car</name>
		<pose>Unspecified</pose>
		<truncated>0</truncated>
		<difficult>0</difficult>
		<bndbox>
			<xmin>522</xmin>
			<ymin>258</ymin>
			<xmax>580</xmax>
			<ymax>315</ymax>
		</bndbox>
	</object>
	<object>
		<name>Car</name>
		<pose>Unspecified</pose>
		<truncated>0</truncated>
		<difficult>0</difficult>
		<bndbox>
			<xmin>733</xmin>
			<ymin>138</ymin>
			<xmax>1275</xmax>
			<ymax>565</ymax>
		</bndbox>
	</object>
</annotation>