<annotation>
	<folder>trainA</folder>
	<filename>0ac58985-f1f6e541.jpg</filename>
	<path>C:\Users\Clarissa\capstone\Dataset\trainA\0ac58985-f1f6e541.jpg</path>
	<source>
		<database>Unknown</database>
	</source>
	<size>
		<width>1280</width>
		<height>720</height>
		<depth>3</depth>
	</size>
	<segmented>0</segmented>
	<object>
		<name>Pedestrian</name>
		<pose>Unspecified</pose>
		<truncated>0</truncated>
		<difficult>0</difficult>
		<bndbox>
			<xmin>911</xmin>
			<ymin>370</ymin>
			<xmax>943</xmax>
			<ymax>446</ymax>
		</bndbox>
	</object>
	<object>
		<name>Car</name>
		<pose>Unspecified</pose>
		<truncated>1</truncated>
		<difficult>0</difficult>
		<bndbox>
			<xmin>1</xmin>
			<ymin>425</ymin>
			<xmax>70</xmax>
			<ymax>489</ymax>
		</bndbox>
	</object>
</annotation>