<annotation>
	<folder>trainA</folder>
	<filename>00adbb3f-7757d4ea.jpg</filename>
	<path>C:\Users\Clarissa\capstone\Dataset\trainA\00adbb3f-7757d4ea.jpg</path>
	<source>
		<database>Unknown</database>
	</source>
	<size>
		<width>1280</width>
		<height>720</height>
		<depth>3</depth>
	</size>
	<segmented>0</segmented>
	<object>
		<name>Car</name>
		<pose>Unspecified</pose>
		<truncated>0</truncated>
		<difficult>0</difficult>
		<bndbox>
			<xmin>581</xmin>
			<ymin>471</ymin>
			<xmax>669</xmax>
			<ymax>541</ymax>
		</bndbox>
	</object>
	<object>
		<name>Car</name>
		<pose>Unspecified</pose>
		<truncated>0</truncated>
		<difficult>0</difficult>
		<bndbox>
			<xmin>808</xmin>
			<ymin>474</ymin>
			<xmax>892</xmax>
			<ymax>528</ymax>
		</bndbox>
	</object>
	<object>
		<name>Car</name>
		<pose>Unspecified</pose>
		<truncated>0</truncated>
		<difficult>0</difficult>
		<bndbox>
			<xmin>1007</xmin>
			<ymin>471</ymin>
			<xmax>1264</xmax>
			<ymax>593</ymax>
		</bndbox>
	</object>
	<object>
		<name>Car</name>
		<pose>Unspecified</pose>
		<truncated>0</truncated>
		<difficult>0</difficult>
		<bndbox>
			<xmin>371</xmin>
			<ymin>458</ymin>
			<xmax>492</xmax>
			<ymax>545</ymax>
		</bndbox>
	</object>
	<object>
		<name>Car</name>
		<pose>Unspecified</pose>
		<truncated>0</truncated>
		<difficult>0</difficult>
		<bndbox>
			<xmin>738</xmin>
			<ymin>477</ymin>
			<xmax>784</xmax>
			<ymax>514</ymax>
		</bndbox>
	</object>
</annotation>