<annotation>
	<folder>trainA</folder>
	<filename>0accdaac-8ac51d5c.jpg</filename>
	<path>C:\Users\Clarissa\capstone\Dataset\trainA\0accdaac-8ac51d5c.jpg</path>
	<source>
		<database>Unknown</database>
	</source>
	<size>
		<width>1280</width>
		<height>720</height>
		<depth>3</depth>
	</size>
	<segmented>0</segmented>
	<object>
		<name>Truck</name>
		<pose>Unspecified</pose>
		<truncated>1</truncated>
		<difficult>0</difficult>
		<bndbox>
			<xmin>1</xmin>
			<ymin>133</ymin>
			<xmax>318</xmax>
			<ymax>616</ymax>
		</bndbox>
	</object>
	<object>
		<name>Pedestrian</name>
		<pose>Unspecified</pose>
		<truncated>0</truncated>
		<difficult>0</difficult>
		<bndbox>
			<xmin>416</xmin>
			<ymin>450</ymin>
			<xmax>433</xmax>
			<ymax>506</ymax>
		</bndbox>
	</object>
</annotation>