<annotation>
	<folder>trainA</folder>
	<filename>0accdaac-c56e44be.jpg</filename>
	<path>C:\Users\Clarissa\capstone\Dataset\trainA\0accdaac-c56e44be.jpg</path>
	<source>
		<database>Unknown</database>
	</source>
	<size>
		<width>1280</width>
		<height>720</height>
		<depth>3</depth>
	</size>
	<segmented>0</segmented>
	<object>
		<name>Car</name>
		<pose>Unspecified</pose>
		<truncated>0</truncated>
		<difficult>0</difficult>
		<bndbox>
			<xmin>325</xmin>
			<ymin>446</ymin>
			<xmax>586</xmax>
			<ymax>652</ymax>
		</bndbox>
	</object>
	<object>
		<name>Truck</name>
		<pose>Unspecified</pose>
		<truncated>0</truncated>
		<difficult>0</difficult>
		<bndbox>
			<xmin>917</xmin>
			<ymin>360</ymin>
			<xmax>1196</xmax>
			<ymax>521</ymax>
		</bndbox>
	</object>
</annotation>