<annotation>
	<folder>trainA</folder>
	<filename>0ad67e35-2b01de49.jpg</filename>
	<path>C:\Users\Clarissa\capstone\Dataset\trainA\0ad67e35-2b01de49.jpg</path>
	<source>
		<database>Unknown</database>
	</source>
	<size>
		<width>1280</width>
		<height>720</height>
		<depth>3</depth>
	</size>
	<segmented>0</segmented>
	<object>
		<name>Bus</name>
		<pose>Unspecified</pose>
		<truncated>1</truncated>
		<difficult>0</difficult>
		<bndbox>
			<xmin>815</xmin>
			<ymin>85</ymin>
			<xmax>1280</xmax>
			<ymax>374</ymax>
		</bndbox>
	</object>
	<object>
		<name>Truck</name>
		<pose>Unspecified</pose>
		<truncated>1</truncated>
		<difficult>0</difficult>
		<bndbox>
			<xmin>1</xmin>
			<ymin>130</ymin>
			<xmax>334</xmax>
			<ymax>494</ymax>
		</bndbox>
	</object>
	<object>
		<name>Car</name>
		<pose>Unspecified</pose>
		<truncated>0</truncated>
		<difficult>0</difficult>
		<bndbox>
			<xmin>470</xmin>
			<ymin>256</ymin>
			<xmax>711</xmax>
			<ymax>428</ymax>
		</bndbox>
	</object>
</annotation>