<annotation>
	<folder>trainA</folder>
	<filename>0ad67e35-56935819.jpg</filename>
	<path>C:\Users\Clarissa\capstone\Dataset\trainA\0ad67e35-56935819.jpg</path>
	<source>
		<database>Unknown</database>
	</source>
	<size>
		<width>1280</width>
		<height>720</height>
		<depth>3</depth>
	</size>
	<segmented>0</segmented>
	<object>
		<name>Car</name>
		<pose>Unspecified</pose>
		<truncated>0</truncated>
		<difficult>0</difficult>
		<bndbox>
			<xmin>67</xmin>
			<ymin>304</ymin>
			<xmax>163</xmax>
			<ymax>345</ymax>
		</bndbox>
	</object>
	<object>
		<name>Car</name>
		<pose>Unspecified</pose>
		<truncated>0</truncated>
		<difficult>0</difficult>
		<bndbox>
			<xmin>153</xmin>
			<ymin>299</ymin>
			<xmax>213</xmax>
			<ymax>340</ymax>
		</bndbox>
	</object>
	<object>
		<name>Car</name>
		<pose>Unspecified</pose>
		<truncated>0</truncated>
		<difficult>0</difficult>
		<bndbox>
			<xmin>198</xmin>
			<ymin>299</ymin>
			<xmax>251</xmax>
			<ymax>332</ymax>
		</bndbox>
	</object>
</annotation>