<annotation>
	<folder>trainA</folder>
	<filename>0ad67e35-8628df27.jpg</filename>
	<path>C:\Users\Clarissa\capstone\Dataset\trainA\0ad67e35-8628df27.jpg</path>
	<source>
		<database>Unknown</database>
	</source>
	<size>
		<width>1280</width>
		<height>720</height>
		<depth>3</depth>
	</size>
	<segmented>0</segmented>
	<object>
		<name>Car</name>
		<pose>Unspecified</pose>
		<truncated>0</truncated>
		<difficult>0</difficult>
		<bndbox>
			<xmin>447</xmin>
			<ymin>264</ymin>
			<xmax>568</xmax>
			<ymax>368</ymax>
		</bndbox>
	</object>
	<object>
		<name>Truck</name>
		<pose>Unspecified</pose>
		<truncated>0</truncated>
		<difficult>0</difficult>
		<bndbox>
			<xmin>633</xmin>
			<ymin>243</ymin>
			<xmax>765</xmax>
			<ymax>345</ymax>
		</bndbox>
	</object>
</annotation>