<annotation>
	<folder>trainA</folder>
	<filename>0ad67e35-cc83d0f5.jpg</filename>
	<path>C:\Users\Clarissa\capstone\Dataset\trainA\0ad67e35-cc83d0f5.jpg</path>
	<source>
		<database>Unknown</database>
	</source>
	<size>
		<width>1280</width>
		<height>720</height>
		<depth>3</depth>
	</size>
	<segmented>0</segmented>
	<object>
		<name>Pedestrian</name>
		<pose>Unspecified</pose>
		<truncated>0</truncated>
		<difficult>0</difficult>
		<bndbox>
			<xmin>795</xmin>
			<ymin>254</ymin>
			<xmax>833</xmax>
			<ymax>357</ymax>
		</bndbox>
	</object>
	<object>
		<name>Car</name>
		<pose>Unspecified</pose>
		<truncated>0</truncated>
		<difficult>0</difficult>
		<bndbox>
			<xmin>373</xmin>
			<ymin>287</ymin>
			<xmax>528</xmax>
			<ymax>413</ymax>
		</bndbox>
	</object>
</annotation>