<annotation>
	<folder>trainA</folder>
	<filename>0adeb232-4ceba0d3.jpg</filename>
	<path>C:\Users\Clarissa\capstone\Dataset\trainA\0adeb232-4ceba0d3.jpg</path>
	<source>
		<database>Unknown</database>
	</source>
	<size>
		<width>1280</width>
		<height>720</height>
		<depth>3</depth>
	</size>
	<segmented>0</segmented>
	<object>
		<name>Truck</name>
		<pose>Unspecified</pose>
		<truncated>1</truncated>
		<difficult>0</difficult>
		<bndbox>
			<xmin>854</xmin>
			<ymin>1</ymin>
			<xmax>1280</xmax>
			<ymax>415</ymax>
		</bndbox>
	</object>
	<object>
		<name>Car</name>
		<pose>Unspecified</pose>
		<truncated>0</truncated>
		<difficult>0</difficult>
		<bndbox>
			<xmin>552</xmin>
			<ymin>150</ymin>
			<xmax>730</xmax>
			<ymax>335</ymax>
		</bndbox>
	</object>
	<object>
		<name>Bicycle</name>
		<pose>Unspecified</pose>
		<truncated>1</truncated>
		<difficult>0</difficult>
		<bndbox>
			<xmin>1</xmin>
			<ymin>149</ymin>
			<xmax>48</xmax>
			<ymax>332</ymax>
		</bndbox>
	</object>
</annotation>