<annotation>
	<folder>trainA</folder>
	<filename>0ae8208c-1b20bbc5.jpg</filename>
	<path>C:\Users\Clarissa\capstone\Dataset\trainA\0ae8208c-1b20bbc5.jpg</path>
	<source>
		<database>Unknown</database>
	</source>
	<size>
		<width>1280</width>
		<height>720</height>
		<depth>3</depth>
	</size>
	<segmented>0</segmented>
	<object>
		<name>Car</name>
		<pose>Unspecified</pose>
		<truncated>1</truncated>
		<difficult>0</difficult>
		<bndbox>
			<xmin>1086</xmin>
			<ymin>273</ymin>
			<xmax>1280</xmax>
			<ymax>559</ymax>
		</bndbox>
	</object>
</annotation>