<annotation>
	<folder>trainA</folder>
	<filename>0aec42a1-17a32b5a.jpg</filename>
	<path>C:\Users\Clarissa\capstone\Dataset\trainA\0aec42a1-17a32b5a.jpg</path>
	<source>
		<database>Unknown</database>
	</source>
	<size>
		<width>1280</width>
		<height>720</height>
		<depth>3</depth>
	</size>
	<segmented>0</segmented>
	<object>
		<name>Car</name>
		<pose>Unspecified</pose>
		<truncated>1</truncated>
		<difficult>0</difficult>
		<bndbox>
			<xmin>1</xmin>
			<ymin>315</ymin>
			<xmax>161</xmax>
			<ymax>507</ymax>
		</bndbox>
	</object>
</annotation>