<annotation>
	<folder>trainA</folder>
	<filename>00b1dfed-a89dbe2b.jpg</filename>
	<path>C:\Users\Clarissa\capstone\Dataset\trainA\00b1dfed-a89dbe2b.jpg</path>
	<source>
		<database>Unknown</database>
	</source>
	<size>
		<width>1280</width>
		<height>720</height>
		<depth>3</depth>
	</size>
	<segmented>0</segmented>
	<object>
		<name>Truck</name>
		<pose>Unspecified</pose>
		<truncated>0</truncated>
		<difficult>0</difficult>
		<bndbox>
			<xmin>609</xmin>
			<ymin>245</ymin>
			<xmax>867</xmax>
			<ymax>573</ymax>
		</bndbox>
	</object>
	<object>
		<name>Car</name>
		<pose>Unspecified</pose>
		<truncated>0</truncated>
		<difficult>0</difficult>
		<bndbox>
			<xmin>874</xmin>
			<ymin>332</ymin>
			<xmax>1067</xmax>
			<ymax>530</ymax>
		</bndbox>
	</object>
	<object>
		<name>Car</name>
		<pose>Unspecified</pose>
		<truncated>1</truncated>
		<difficult>0</difficult>
		<bndbox>
			<xmin>967</xmin>
			<ymin>325</ymin>
			<xmax>1280</xmax>
			<ymax>652</ymax>
		</bndbox>
	</object>
	<object>
		<name>Car</name>
		<pose>Unspecified</pose>
		<truncated>1</truncated>
		<difficult>0</difficult>
		<bndbox>
			<xmin>1</xmin>
			<ymin>298</ymin>
			<xmax>82</xmax>
			<ymax>455</ymax>
		</bndbox>
	</object>
</annotation>