<annotation>
	<folder>trainA</folder>
	<filename>0aece855-7c6111b0.jpg</filename>
	<path>C:\Users\Clarissa\capstone\Dataset\trainA\0aece855-7c6111b0.jpg</path>
	<source>
		<database>Unknown</database>
	</source>
	<size>
		<width>1280</width>
		<height>720</height>
		<depth>3</depth>
	</size>
	<segmented>0</segmented>
	<object>
		<name>Pedestrian</name>
		<pose>Unspecified</pose>
		<truncated>0</truncated>
		<difficult>0</difficult>
		<bndbox>
			<xmin>628</xmin>
			<ymin>280</ymin>
			<xmax>697</xmax>
			<ymax>438</ymax>
		</bndbox>
	</object>
	<object>
		<name>Car</name>
		<pose>Unspecified</pose>
		<truncated>0</truncated>
		<difficult>0</difficult>
		<bndbox>
			<xmin>204</xmin>
			<ymin>270</ymin>
			<xmax>578</xmax>
			<ymax>451</ymax>
		</bndbox>
	</object>
	<object>
		<name>Sign</name>
		<pose>Unspecified</pose>
		<truncated>0</truncated>
		<difficult>0</difficult>
		<bndbox>
			<xmin>398</xmin>
			<ymin>47</ymin>
			<xmax>508</xmax>
			<ymax>247</ymax>
		</bndbox>
	</object>
	<object>
		<name>Sign</name>
		<pose>Unspecified</pose>
		<truncated>0</truncated>
		<difficult>0</difficult>
		<bndbox>
			<xmin>312</xmin>
			<ymin>105</ymin>
			<xmax>386</xmax>
			<ymax>221</ymax>
		</bndbox>
	</object>
</annotation>