<annotation>
	<folder>trainA</folder>
	<filename>0af07355-56e42b91.jpg</filename>
	<path>C:\Users\Clarissa\capstone\Dataset\trainA\0af07355-56e42b91.jpg</path>
	<source>
		<database>Unknown</database>
	</source>
	<size>
		<width>1280</width>
		<height>720</height>
		<depth>3</depth>
	</size>
	<segmented>0</segmented>
	<object>
		<name>Truck</name>
		<pose>Unspecified</pose>
		<truncated>0</truncated>
		<difficult>0</difficult>
		<bndbox>
			<xmin>527</xmin>
			<ymin>178</ymin>
			<xmax>657</xmax>
			<ymax>323</ymax>
		</bndbox>
	</object>
	<object>
		<name>Car</name>
		<pose>Unspecified</pose>
		<truncated>0</truncated>
		<difficult>0</difficult>
		<bndbox>
			<xmin>630</xmin>
			<ymin>242</ymin>
			<xmax>741</xmax>
			<ymax>352</ymax>
		</bndbox>
	</object>
	<object>
		<name>Car</name>
		<pose>Unspecified</pose>
		<truncated>0</truncated>
		<difficult>0</difficult>
		<bndbox>
			<xmin>720</xmin>
			<ymin>227</ymin>
			<xmax>946</xmax>
			<ymax>387</ymax>
		</bndbox>
	</object>
</annotation>