<annotation>
	<folder>trainA</folder>
	<filename>0af07355-d4bea79c.jpg</filename>
	<path>C:\Users\Clarissa\capstone\Dataset\trainA\0af07355-d4bea79c.jpg</path>
	<source>
		<database>Unknown</database>
	</source>
	<size>
		<width>1280</width>
		<height>720</height>
		<depth>3</depth>
	</size>
	<segmented>0</segmented>
	<object>
		<name>Car</name>
		<pose>Unspecified</pose>
		<truncated>0</truncated>
		<difficult>0</difficult>
		<bndbox>
			<xmin>656</xmin>
			<ymin>246</ymin>
			<xmax>848</xmax>
			<ymax>381</ymax>
		</bndbox>
	</object>
</annotation>