<annotation>
	<folder>trainA</folder>
	<filename>0af6039a-f3c91319.jpg</filename>
	<path>C:\Users\Clarissa\capstone\Dataset\trainA\0af6039a-f3c91319.jpg</path>
	<source>
		<database>Unknown</database>
	</source>
	<size>
		<width>1280</width>
		<height>720</height>
		<depth>3</depth>
	</size>
	<segmented>0</segmented>
	<object>
		<name>Car</name>
		<pose>Unspecified</pose>
		<truncated>0</truncated>
		<difficult>0</difficult>
		<bndbox>
			<xmin>265</xmin>
			<ymin>290</ymin>
			<xmax>562</xmax>
			<ymax>557</ymax>
		</bndbox>
	</object>
	<object>
		<name>Car</name>
		<pose>Unspecified</pose>
		<truncated>0</truncated>
		<difficult>0</difficult>
		<bndbox>
			<xmin>904</xmin>
			<ymin>360</ymin>
			<xmax>974</xmax>
			<ymax>414</ymax>
		</bndbox>
	</object>
	<object>
		<name>Sign</name>
		<pose>Unspecified</pose>
		<truncated>0</truncated>
		<difficult>0</difficult>
		<bndbox>
			<xmin>562</xmin>
			<ymin>216</ymin>
			<xmax>686</xmax>
			<ymax>289</ymax>
		</bndbox>
	</object>
	<object>
		<name>Sign</name>
		<pose>Unspecified</pose>
		<truncated>0</truncated>
		<difficult>0</difficult>
		<bndbox>
			<xmin>455</xmin>
			<ymin>194</ymin>
			<xmax>563</xmax>
			<ymax>289</ymax>
		</bndbox>
	</object>
</annotation>