<annotation>
	<folder>trainA</folder>
	<filename>0afb7706-1fddf2a5.jpg</filename>
	<path>C:\Users\Clarissa\capstone\Dataset\trainA\0afb7706-1fddf2a5.jpg</path>
	<source>
		<database>Unknown</database>
	</source>
	<size>
		<width>1280</width>
		<height>720</height>
		<depth>3</depth>
	</size>
	<segmented>0</segmented>
	<object>
		<name>Car</name>
		<pose>Unspecified</pose>
		<truncated>0</truncated>
		<difficult>0</difficult>
		<bndbox>
			<xmin>190</xmin>
			<ymin>334</ymin>
			<xmax>442</xmax>
			<ymax>511</ymax>
		</bndbox>
	</object>
	<object>
		<name>Car</name>
		<pose>Unspecified</pose>
		<truncated>0</truncated>
		<difficult>0</difficult>
		<bndbox>
			<xmin>469</xmin>
			<ymin>326</ymin>
			<xmax>639</xmax>
			<ymax>456</ymax>
		</bndbox>
	</object>
	<object>
		<name>Car</name>
		<pose>Unspecified</pose>
		<truncated>0</truncated>
		<difficult>0</difficult>
		<bndbox>
			<xmin>595</xmin>
			<ymin>242</ymin>
			<xmax>1083</xmax>
			<ymax>542</ymax>
		</bndbox>
	</object>
	<object>
		<name>Car</name>
		<pose>Unspecified</pose>
		<truncated>1</truncated>
		<difficult>0</difficult>
		<bndbox>
			<xmin>1200</xmin>
			<ymin>343</ymin>
			<xmax>1280</xmax>
			<ymax>458</ymax>
		</bndbox>
	</object>
</annotation>