<annotation>
	<folder>trainA</folder>
	<filename>0b0b8474-ef07f89f.jpg</filename>
	<path>C:\Users\Clarissa\capstone\Dataset\trainA\0b0b8474-ef07f89f.jpg</path>
	<source>
		<database>Unknown</database>
	</source>
	<size>
		<width>1280</width>
		<height>720</height>
		<depth>3</depth>
	</size>
	<segmented>0</segmented>
	<object>
		<name>Truck</name>
		<pose>Unspecified</pose>
		<truncated>0</truncated>
		<difficult>0</difficult>
		<bndbox>
			<xmin>900</xmin>
			<ymin>387</ymin>
			<xmax>1218</xmax>
			<ymax>601</ymax>
		</bndbox>
	</object>
	<object>
		<name>Car</name>
		<pose>Unspecified</pose>
		<truncated>1</truncated>
		<difficult>0</difficult>
		<bndbox>
			<xmin>1</xmin>
			<ymin>436</ymin>
			<xmax>174</xmax>
			<ymax>587</ymax>
		</bndbox>
	</object>
	<object>
		<name>Car</name>
		<pose>Unspecified</pose>
		<truncated>0</truncated>
		<difficult>0</difficult>
		<bndbox>
			<xmin>431</xmin>
			<ymin>423</ymin>
			<xmax>501</xmax>
			<ymax>487</ymax>
		</bndbox>
	</object>
</annotation>