<annotation>
	<folder>trainA</folder>
	<filename>0b0c5455-b2513b86.jpg</filename>
	<path>C:\Users\Clarissa\capstone\Dataset\trainA\0b0c5455-b2513b86.jpg</path>
	<source>
		<database>Unknown</database>
	</source>
	<size>
		<width>1280</width>
		<height>720</height>
		<depth>3</depth>
	</size>
	<segmented>0</segmented>
	<object>
		<name>Car</name>
		<pose>Unspecified</pose>
		<truncated>0</truncated>
		<difficult>0</difficult>
		<bndbox>
			<xmin>463</xmin>
			<ymin>355</ymin>
			<xmax>519</xmax>
			<ymax>402</ymax>
		</bndbox>
	</object>
	<object>
		<name>Car</name>
		<pose>Unspecified</pose>
		<truncated>0</truncated>
		<difficult>0</difficult>
		<bndbox>
			<xmin>671</xmin>
			<ymin>358</ymin>
			<xmax>744</xmax>
			<ymax>433</ymax>
		</bndbox>
	</object>
	<object>
		<name>Car</name>
		<pose>Unspecified</pose>
		<truncated>0</truncated>
		<difficult>0</difficult>
		<bndbox>
			<xmin>727</xmin>
			<ymin>364</ymin>
			<xmax>833</xmax>
			<ymax>455</ymax>
		</bndbox>
	</object>
	<object>
		<name>Car</name>
		<pose>Unspecified</pose>
		<truncated>0</truncated>
		<difficult>0</difficult>
		<bndbox>
			<xmin>786</xmin>
			<ymin>376</ymin>
			<xmax>917</xmax>
			<ymax>484</ymax>
		</bndbox>
	</object>
	<object>
		<name>Car</name>
		<pose>Unspecified</pose>
		<truncated>0</truncated>
		<difficult>0</difficult>
		<bndbox>
			<xmin>854</xmin>
			<ymin>352</ymin>
			<xmax>1263</xmax>
			<ymax>572</ymax>
		</bndbox>
	</object>
</annotation>