<annotation>
	<folder>trainA</folder>
	<filename>0b0e1eb1-399a3892.jpg</filename>
	<path>C:\Users\Clarissa\capstone\Dataset\trainA\0b0e1eb1-399a3892.jpg</path>
	<source>
		<database>Unknown</database>
	</source>
	<size>
		<width>1280</width>
		<height>720</height>
		<depth>3</depth>
	</size>
	<segmented>0</segmented>
	<object>
		<name>Sign</name>
		<pose>Unspecified</pose>
		<truncated>0</truncated>
		<difficult>0</difficult>
		<bndbox>
			<xmin>346</xmin>
			<ymin>108</ymin>
			<xmax>422</xmax>
			<ymax>182</ymax>
		</bndbox>
	</object>
	<object>
		<name>Car</name>
		<pose>Unspecified</pose>
		<truncated>0</truncated>
		<difficult>0</difficult>
		<bndbox>
			<xmin>297</xmin>
			<ymin>236</ymin>
			<xmax>751</xmax>
			<ymax>564</ymax>
		</bndbox>
	</object>
	<object>
		<name>Truck</name>
		<pose>Unspecified</pose>
		<truncated>1</truncated>
		<difficult>0</difficult>
		<bndbox>
			<xmin>890</xmin>
			<ymin>5</ymin>
			<xmax>1280</xmax>
			<ymax>603</ymax>
		</bndbox>
	</object>
</annotation>