<annotation>
	<folder>trainA</folder>
	<filename>0b0e7ddf-43c07f1b.jpg</filename>
	<path>C:\Users\Clarissa\capstone\Dataset\trainA\0b0e7ddf-43c07f1b.jpg</path>
	<source>
		<database>Unknown</database>
	</source>
	<size>
		<width>1280</width>
		<height>720</height>
		<depth>3</depth>
	</size>
	<segmented>0</segmented>
	<object>
		<name>Car</name>
		<pose>Unspecified</pose>
		<truncated>0</truncated>
		<difficult>0</difficult>
		<bndbox>
			<xmin>506</xmin>
			<ymin>347</ymin>
			<xmax>616</xmax>
			<ymax>452</ymax>
		</bndbox>
	</object>
	<object>
		<name>Car</name>
		<pose>Unspecified</pose>
		<truncated>0</truncated>
		<difficult>0</difficult>
		<bndbox>
			<xmin>477</xmin>
			<ymin>340</ymin>
			<xmax>536</xmax>
			<ymax>397</ymax>
		</bndbox>
	</object>
	<object>
		<name>Truck</name>
		<pose>Unspecified</pose>
		<truncated>0</truncated>
		<difficult>0</difficult>
		<bndbox>
			<xmin>179</xmin>
			<ymin>328</ymin>
			<xmax>368</xmax>
			<ymax>461</ymax>
		</bndbox>
	</object>
</annotation>