<annotation>
	<folder>trainA</folder>
	<filename>0b1b4391-b4a323f8.jpg</filename>
	<path>C:\Users\Clarissa\capstone\Dataset\trainA\0b1b4391-b4a323f8.jpg</path>
	<source>
		<database>Unknown</database>
	</source>
	<size>
		<width>1280</width>
		<height>720</height>
		<depth>3</depth>
	</size>
	<segmented>0</segmented>
	<object>
		<name>Car</name>
		<pose>Unspecified</pose>
		<truncated>0</truncated>
		<difficult>0</difficult>
		<bndbox>
			<xmin>836</xmin>
			<ymin>360</ymin>
			<xmax>1239</xmax>
			<ymax>594</ymax>
		</bndbox>
	</object>
	<object>
		<name>Car</name>
		<pose>Unspecified</pose>
		<truncated>0</truncated>
		<difficult>0</difficult>
		<bndbox>
			<xmin>756</xmin>
			<ymin>364</ymin>
			<xmax>902</xmax>
			<ymax>481</ymax>
		</bndbox>
	</object>
	<object>
		<name>Car</name>
		<pose>Unspecified</pose>
		<truncated>0</truncated>
		<difficult>0</difficult>
		<bndbox>
			<xmin>703</xmin>
			<ymin>356</ymin>
			<xmax>820</xmax>
			<ymax>471</ymax>
		</bndbox>
	</object>
	<object>
		<name>Truck</name>
		<pose>Unspecified</pose>
		<truncated>1</truncated>
		<difficult>0</difficult>
		<bndbox>
			<xmin>1</xmin>
			<ymin>322</ymin>
			<xmax>137</xmax>
			<ymax>422</ymax>
		</bndbox>
	</object>
</annotation>