<annotation>
	<folder>export</folder>
	<filename>1036.jpg</filename>
	<path>C:\Users\tegve\Self Driving Car.v3-fixed-small.tensorflow\export\1036.jpg</path>
	<source>
		<database>Unknown</database>
	</source>
	<size>
		<width>512</width>
		<height>512</height>
		<depth>3</depth>
	</size>
	<segmented>0</segmented>
	<object>
		<name>Car</name>
		<pose>Unspecified</pose>
		<truncated>1</truncated>
		<difficult>0</difficult>
		<bndbox>
			<xmin>378</xmin>
			<ymin>217</ymin>
			<xmax>512</xmax>
			<ymax>389</ymax>
		</bndbox>
	</object>
	<object>
		<name>Car</name>
		<pose>Unspecified</pose>
		<truncated>1</truncated>
		<difficult>0</difficult>
		<bndbox>
			<xmin>1</xmin>
			<ymin>235</ymin>
			<xmax>81</xmax>
			<ymax>330</ymax>
		</bndbox>
	</object>
	<object>
		<name>Car</name>
		<pose>Unspecified</pose>
		<truncated>0</truncated>
		<difficult>0</difficult>
		<bndbox>
			<xmin>248</xmin>
			<ymin>240</ymin>
			<xmax>285</xmax>
			<ymax>267</ymax>
		</bndbox>
	</object>
	<object>
		<name>Car</name>
		<pose>Unspecified</pose>
		<truncated>0</truncated>
		<difficult>0</difficult>
		<bndbox>
			<xmin>311</xmin>
			<ymin>237</ymin>
			<xmax>349</xmax>
			<ymax>261</ymax>
		</bndbox>
	</object>
</annotation>