<annotation>
	<folder>OnlineImages</folder>
	<filename>11.jpg</filename>
	<path>C:\Users\tegve\Projects Winter 2022\TFOD Capstone\OnlineImages\11.jpg</path>
	<source>
		<database>Unknown</database>
	</source>
	<size>
		<width>512</width>
		<height>512</height>
		<depth>3</depth>
	</size>
	<segmented>0</segmented>
	<object>
		<name>Pedestrian</name>
		<pose>Unspecified</pose>
		<truncated>0</truncated>
		<difficult>0</difficult>
		<bndbox>
			<xmin>294</xmin>
			<ymin>149</ymin>
			<xmax>384</xmax>
			<ymax>410</ymax>
		</bndbox>
	</object>
	<object>
		<name>Truck</name>
		<pose>Unspecified</pose>
		<truncated>0</truncated>
		<difficult>0</difficult>
		<bndbox>
			<xmin>141</xmin>
			<ymin>61</ymin>
			<xmax>300</xmax>
			<ymax>284</ymax>
		</bndbox>
	</object>
	<object>
		<name>Car</name>
		<pose>Unspecified</pose>
		<truncated>0</truncated>
		<difficult>0</difficult>
		<bndbox>
			<xmin>39</xmin>
			<ymin>171</ymin>
			<xmax>155</xmax>
			<ymax>298</ymax>
		</bndbox>
	</object>
	<object>
		<name>Car</name>
		<pose>Unspecified</pose>
		<truncated>0</truncated>
		<difficult>0</difficult>
		<bndbox>
			<xmin>6</xmin>
			<ymin>167</ymin>
			<xmax>67</xmax>
			<ymax>247</ymax>
		</bndbox>
	</object>
</annotation>