<annotation>
	<folder>export</folder>
	<filename>161.jpg</filename>
	<path>C:\Users\Clarissa\capstone\Dataset\Self Driving Car.v3-fixed-small.tensorflow\export\161.jpg</path>
	<source>
		<database>Unknown</database>
	</source>
	<size>
		<width>512</width>
		<height>512</height>
		<depth>3</depth>
	</size>
	<segmented>0</segmented>
	<object>
		<name>Sign</name>
		<pose>Unspecified</pose>
		<truncated>0</truncated>
		<difficult>0</difficult>
		<bndbox>
			<xmin>365</xmin>
			<ymin>188</ymin>
			<xmax>379</xmax>
			<ymax>225</ymax>
		</bndbox>
	</object>
	<object>
		<name>Sign</name>
		<pose>Unspecified</pose>
		<truncated>0</truncated>
		<difficult>0</difficult>
		<bndbox>
			<xmin>59</xmin>
			<ymin>141</ymin>
			<xmax>147</xmax>
			<ymax>168</ymax>
		</bndbox>
	</object>
	<object>
		<name>Car</name>
		<pose>Unspecified</pose>
		<truncated>0</truncated>
		<difficult>0</difficult>
		<bndbox>
			<xmin>19</xmin>
			<ymin>249</ymin>
			<xmax>66</xmax>
			<ymax>273</ymax>
		</bndbox>
	</object>
	<object>
		<name>Car</name>
		<pose>Unspecified</pose>
		<truncated>0</truncated>
		<difficult>0</difficult>
		<bndbox>
			<xmin>204</xmin>
			<ymin>236</ymin>
			<xmax>224</xmax>
			<ymax>266</ymax>
		</bndbox>
	</object>
</annotation>