<annotation>
	<folder>OnlineImages</folder>
	<filename>16.jpg</filename>
	<path>C:\Users\tegve\Projects Winter 2022\TFOD Capstone\OnlineImages\16.jpg</path>
	<source>
		<database>Unknown</database>
	</source>
	<size>
		<width>512</width>
		<height>512</height>
		<depth>3</depth>
	</size>
	<segmented>0</segmented>
	<object>
		<name>Car</name>
		<pose>Unspecified</pose>
		<truncated>0</truncated>
		<difficult>0</difficult>
		<bndbox>
			<xmin>270</xmin>
			<ymin>345</ymin>
			<xmax>432</xmax>
			<ymax>503</ymax>
		</bndbox>
	</object>
	<object>
		<name>Car</name>
		<pose>Unspecified</pose>
		<truncated>1</truncated>
		<difficult>0</difficult>
		<bndbox>
			<xmin>1</xmin>
			<ymin>284</ymin>
			<xmax>122</xmax>
			<ymax>479</ymax>
		</bndbox>
	</object>
	<object>
		<name>Car</name>
		<pose>Unspecified</pose>
		<truncated>0</truncated>
		<difficult>0</difficult>
		<bndbox>
			<xmin>128</xmin>
			<ymin>364</ymin>
			<xmax>234</xmax>
			<ymax>476</ymax>
		</bndbox>
	</object>
	<object>
		<name>Car</name>
		<pose>Unspecified</pose>
		<truncated>0</truncated>
		<difficult>0</difficult>
		<bndbox>
			<xmin>403</xmin>
			<ymin>393</ymin>
			<xmax>481</xmax>
			<ymax>482</ymax>
		</bndbox>
	</object>
</annotation>