<annotation>
	<folder>trainA</folder>
	<filename>0a0a0b1a-7c39d841.jpg</filename>
	<path>C:\Users\Clarissa\capstone\Dataset\trainA\0a0a0b1a-7c39d841.jpg</path>
	<source>
		<database>Unknown</database>
	</source>
	<size>
		<width>1280</width>
		<height>720</height>
		<depth>3</depth>
	</size>
	<segmented>0</segmented>
	<object>
		<name>Car</name>
		<pose>Unspecified</pose>
		<truncated>0</truncated>
		<difficult>0</difficult>
		<bndbox>
			<xmin>547</xmin>
			<ymin>270</ymin>
			<xmax>694</xmax>
			<ymax>395</ymax>
		</bndbox>
	</object>
	<object>
		<name>Truck</name>
		<pose>Unspecified</pose>
		<truncated>0</truncated>
		<difficult>0</difficult>
		<bndbox>
			<xmin>384</xmin>
			<ymin>288</ymin>
			<xmax>457</xmax>
			<ymax>354</ymax>
		</bndbox>
	</object>
	<object>
		<name>Truck</name>
		<pose>Unspecified</pose>
		<truncated>0</truncated>
		<difficult>0</difficult>
		<bndbox>
			<xmin>164</xmin>
			<ymin>295</ymin>
			<xmax>278</xmax>
			<ymax>364</ymax>
		</bndbox>
	</object>
	<object>
		<name>Car</name>
		<pose>Unspecified</pose>
		<truncated>0</truncated>
		<difficult>0</difficult>
		<bndbox>
			<xmin>492</xmin>
			<ymin>311</ymin>
			<xmax>529</xmax>
			<ymax>348</ymax>
		</bndbox>
	</object>
</annotation>