<annotation>
	<folder>export</folder>
	<filename>1942.jpg</filename>
	<path>C:\Users\tegve\Self Driving Car.v3-fixed-small.tensorflow\export\1942.jpg</path>
	<source>
		<database>Unknown</database>
	</source>
	<size>
		<width>512</width>
		<height>512</height>
		<depth>3</depth>
	</size>
	<segmented>0</segmented>
	<object>
		<name>Car</name>
		<pose>Unspecified</pose>
		<truncated>0</truncated>
		<difficult>0</difficult>
		<bndbox>
			<xmin>224</xmin>
			<ymin>232</ymin>
			<xmax>320</xmax>
			<ymax>279</ymax>
		</bndbox>
	</object>
	<object>
		<name>Car</name>
		<pose>Unspecified</pose>
		<truncated>0</truncated>
		<difficult>0</difficult>
		<bndbox>
			<xmin>88</xmin>
			<ymin>225</ymin>
			<xmax>139</xmax>
			<ymax>266</ymax>
		</bndbox>
	</object>
	<object>
		<name>Car</name>
		<pose>Unspecified</pose>
		<truncated>0</truncated>
		<difficult>0</difficult>
		<bndbox>
			<xmin>151</xmin>
			<ymin>227</ymin>
			<xmax>194</xmax>
			<ymax>267</ymax>
		</bndbox>
	</object>
	<object>
		<name>Car</name>
		<pose>Unspecified</pose>
		<truncated>0</truncated>
		<difficult>0</difficult>
		<bndbox>
			<xmin>129</xmin>
			<ymin>231</ymin>
			<xmax>163</xmax>
			<ymax>260</ymax>
		</bndbox>
	</object>
</annotation>