<annotation>
	<folder>trainA</folder>
	<filename>0a0c3694-24fe9c8d.jpg</filename>
	<path>C:\Users\Clarissa\capstone\Dataset\trainA\0a0c3694-24fe9c8d.jpg</path>
	<source>
		<database>Unknown</database>
	</source>
	<size>
		<width>1280</width>
		<height>720</height>
		<depth>3</depth>
	</size>
	<segmented>0</segmented>
	<object>
		<name>Car</name>
		<pose>Unspecified</pose>
		<truncated>0</truncated>
		<difficult>0</difficult>
		<bndbox>
			<xmin>86</xmin>
			<ymin>266</ymin>
			<xmax>467</xmax>
			<ymax>560</ymax>
		</bndbox>
	</object>
	<object>
		<name>Car</name>
		<pose>Unspecified</pose>
		<truncated>0</truncated>
		<difficult>0</difficult>
		<bndbox>
			<xmin>709</xmin>
			<ymin>333</ymin>
			<xmax>804</xmax>
			<ymax>482</ymax>
		</bndbox>
	</object>
	<object>
		<name>Car</name>
		<pose>Unspecified</pose>
		<truncated>0</truncated>
		<difficult>0</difficult>
		<bndbox>
			<xmin>673</xmin>
			<ymin>332</ymin>
			<xmax>753</xmax>
			<ymax>438</ymax>
		</bndbox>
	</object>
	<object>
		<name>Truck</name>
		<pose>Unspecified</pose>
		<truncated>1</truncated>
		<difficult>0</difficult>
		<bndbox>
			<xmin>779</xmin>
			<ymin>217</ymin>
			<xmax>1280</xmax>
			<ymax>623</ymax>
		</bndbox>
	</object>
	<object>
		<name>Sign</name>
		<pose>Unspecified</pose>
		<truncated>0</truncated>
		<difficult>0</difficult>
		<bndbox>
			<xmin>854</xmin>
			<ymin>199</ymin>
			<xmax>904</xmax>
			<ymax>234</ymax>
		</bndbox>
	</object>
</annotation>