<annotation>
	<folder>export</folder>
	<filename>203.jpg</filename>
	<path>C:\Users\Clarissa\capstone\Dataset\Self Driving Car.v3-fixed-small.tensorflow\export\203.jpg</path>
	<source>
		<database>Unknown</database>
	</source>
	<size>
		<width>512</width>
		<height>512</height>
		<depth>3</depth>
	</size>
	<segmented>0</segmented>
	<object>
		<name>TrafficLight</name>
		<pose>Unspecified</pose>
		<truncated>0</truncated>
		<difficult>0</difficult>
		<bndbox>
			<xmin>263</xmin>
			<ymin>121</ymin>
			<xmax>280</xmax>
			<ymax>159</ymax>
		</bndbox>
	</object>
	<object>
		<name>TrafficLight</name>
		<pose>Unspecified</pose>
		<truncated>0</truncated>
		<difficult>0</difficult>
		<bndbox>
			<xmin>199</xmin>
			<ymin>127</ymin>
			<xmax>217</xmax>
			<ymax>171</ymax>
		</bndbox>
	</object>
	<object>
		<name>TrafficLight</name>
		<pose>Unspecified</pose>
		<truncated>0</truncated>
		<difficult>0</difficult>
		<bndbox>
			<xmin>17</xmin>
			<ymin>186</ymin>
			<xmax>27</xmax>
			<ymax>224</ymax>
		</bndbox>
	</object>
	<object>
		<name>TrafficLight</name>
		<pose>Unspecified</pose>
		<truncated>0</truncated>
		<difficult>0</difficult>
		<bndbox>
			<xmin>362</xmin>
			<ymin>196</ymin>
			<xmax>374</xmax>
			<ymax>228</ymax>
		</bndbox>
	</object>
	<object>
		<name>Sign</name>
		<pose>Unspecified</pose>
		<truncated>0</truncated>
		<difficult>0</difficult>
		<bndbox>
			<xmin>286</xmin>
			<ymin>158</ymin>
			<xmax>319</xmax>
			<ymax>174</ymax>
		</bndbox>
	</object>
	<object>
		<name>Sign</name>
		<pose>Unspecified</pose>
		<truncated>0</truncated>
		<difficult>0</difficult>
		<bndbox>
			<xmin>340</xmin>
			<ymin>224</ymin>
			<xmax>350</xmax>
			<ymax>247</ymax>
		</bndbox>
	</object>
	<object>
		<name>Sign</name>
		<pose>Unspecified</pose>
		<truncated>0</truncated>
		<difficult>0</difficult>
		<bndbox>
			<xmin>354</xmin>
			<ymin>224</ymin>
			<xmax>364</xmax>
			<ymax>239</ymax>
		</bndbox>
	</object>
	<object>
		<name>Car</name>
		<pose>Unspecified</pose>
		<truncated>0</truncated>
		<difficult>0</difficult>
		<bndbox>
			<xmin>125</xmin>
			<ymin>255</ymin>
			<xmax>164</xmax>
			<ymax>294</ymax>
		</bndbox>
	</object>
	<object>
		<name>FireHydrant</name>
		<pose>Unspecified</pose>
		<truncated>0</truncated>
		<difficult>0</difficult>
		<bndbox>
			<xmin>47</xmin>
			<ymin>264</ymin>
			<xmax>59</xmax>
			<ymax>287</ymax>
		</bndbox>
	</object>
	<object>
		<name>Sign</name>
		<pose>Unspecified</pose>
		<truncated>0</truncated>
		<difficult>0</difficult>
		<bndbox>
			<xmin>210</xmin>
			<ymin>226</ymin>
			<xmax>226</xmax>
			<ymax>251</ymax>
		</bndbox>
	</object>
</annotation>