<annotation>
	<folder>export</folder>
	<filename>2156.jpg</filename>
	<path>C:\Users\Clarissa\capstone\Dataset\Self Driving Car.v3-fixed-small.tensorflow\export\2156.jpg</path>
	<source>
		<database>Unknown</database>
	</source>
	<size>
		<width>512</width>
		<height>512</height>
		<depth>3</depth>
	</size>
	<segmented>0</segmented>
	<object>
		<name>Car</name>
		<pose>Unspecified</pose>
		<truncated>0</truncated>
		<difficult>0</difficult>
		<bndbox>
			<xmin>195</xmin>
			<ymin>219</ymin>
			<xmax>336</xmax>
			<ymax>396</ymax>
		</bndbox>
	</object>
	<object>
		<name>Truck</name>
		<pose>Unspecified</pose>
		<truncated>1</truncated>
		<difficult>0</difficult>
		<bndbox>
			<xmin>382</xmin>
			<ymin>176</ymin>
			<xmax>512</xmax>
			<ymax>412</ymax>
		</bndbox>
	</object>
	<object>
		<name>Sign</name>
		<pose>Unspecified</pose>
		<truncated>0</truncated>
		<difficult>0</difficult>
		<bndbox>
			<xmin>331</xmin>
			<ymin>189</ymin>
			<xmax>376</xmax>
			<ymax>224</ymax>
		</bndbox>
	</object>
	<object>
		<name>Sign</name>
		<pose>Unspecified</pose>
		<truncated>0</truncated>
		<difficult>0</difficult>
		<bndbox>
			<xmin>281</xmin>
			<ymin>143</ymin>
			<xmax>304</xmax>
			<ymax>157</ymax>
		</bndbox>
	</object>
	<object>
		<name>Sign</name>
		<pose>Unspecified</pose>
		<truncated>0</truncated>
		<difficult>0</difficult>
		<bndbox>
			<xmin>202</xmin>
			<ymin>122</ymin>
			<xmax>216</xmax>
			<ymax>149</ymax>
		</bndbox>
	</object>
	<object>
		<name>TrafficLight</name>
		<pose>Unspecified</pose>
		<truncated>0</truncated>
		<difficult>0</difficult>
		<bndbox>
			<xmin>191</xmin>
			<ymin>125</ymin>
			<xmax>206</xmax>
			<ymax>159</ymax>
		</bndbox>
	</object>
	<object>
		<name>TrafficLight</name>
		<pose>Unspecified</pose>
		<truncated>0</truncated>
		<difficult>0</difficult>
		<bndbox>
			<xmin>254</xmin>
			<ymin>119</ymin>
			<xmax>268</xmax>
			<ymax>159</ymax>
		</bndbox>
	</object>
	<object>
		<name>TrafficLight</name>
		<pose>Unspecified</pose>
		<truncated>0</truncated>
		<difficult>0</difficult>
		<bndbox>
			<xmin>320</xmin>
			<ymin>137</ymin>
			<xmax>336</xmax>
			<ymax>172</ymax>
		</bndbox>
	</object>
	<object>
		<name>Car</name>
		<pose>Unspecified</pose>
		<truncated>0</truncated>
		<difficult>0</difficult>
		<bndbox>
			<xmin>70</xmin>
			<ymin>230</ymin>
			<xmax>104</xmax>
			<ymax>270</ymax>
		</bndbox>
	</object>
	<object>
		<name>Car</name>
		<pose>Unspecified</pose>
		<truncated>0</truncated>
		<difficult>0</difficult>
		<bndbox>
			<xmin>18</xmin>
			<ymin>226</ymin>
			<xmax>71</xmax>
			<ymax>276</ymax>
		</bndbox>
	</object>
</annotation>