<annotation>
	<folder>export</folder>
	<filename>266.jpg</filename>
	<path>C:\Users\Clarissa\capstone\Dataset\Self Driving Car.v3-fixed-small.tensorflow\export\266.jpg</path>
	<source>
		<database>Unknown</database>
	</source>
	<size>
		<width>512</width>
		<height>512</height>
		<depth>3</depth>
	</size>
	<segmented>0</segmented>
	<object>
		<name>Car</name>
		<pose>Unspecified</pose>
		<truncated>0</truncated>
		<difficult>0</difficult>
		<bndbox>
			<xmin>312</xmin>
			<ymin>235</ymin>
			<xmax>353</xmax>
			<ymax>281</ymax>
		</bndbox>
	</object>
	<object>
		<name>Car</name>
		<pose>Unspecified</pose>
		<truncated>0</truncated>
		<difficult>0</difficult>
		<bndbox>
			<xmin>290</xmin>
			<ymin>226</ymin>
			<xmax>321</xmax>
			<ymax>269</ymax>
		</bndbox>
	</object>
	<object>
		<name>Car</name>
		<pose>Unspecified</pose>
		<truncated>0</truncated>
		<difficult>0</difficult>
		<bndbox>
			<xmin>5</xmin>
			<ymin>236</ymin>
			<xmax>60</xmax>
			<ymax>284</ymax>
		</bndbox>
	</object>
	<object>
		<name>Car</name>
		<pose>Unspecified</pose>
		<truncated>0</truncated>
		<difficult>0</difficult>
		<bndbox>
			<xmin>53</xmin>
			<ymin>243</ymin>
			<xmax>79</xmax>
			<ymax>280</ymax>
		</bndbox>
	</object>
	<object>
		<name>Car</name>
		<pose>Unspecified</pose>
		<truncated>0</truncated>
		<difficult>0</difficult>
		<bndbox>
			<xmin>72</xmin>
			<ymin>240</ymin>
			<xmax>100</xmax>
			<ymax>274</ymax>
		</bndbox>
	</object>
	<object>
		<name>Car</name>
		<pose>Unspecified</pose>
		<truncated>0</truncated>
		<difficult>0</difficult>
		<bndbox>
			<xmin>92</xmin>
			<ymin>233</ymin>
			<xmax>120</xmax>
			<ymax>273</ymax>
		</bndbox>
	</object>
	<object>
		<name>Sign</name>
		<pose>Unspecified</pose>
		<truncated>0</truncated>
		<difficult>0</difficult>
		<bndbox>
			<xmin>132</xmin>
			<ymin>241</ymin>
			<xmax>147</xmax>
			<ymax>282</ymax>
		</bndbox>
	</object>
	<object>
		<name>Sign</name>
		<pose>Unspecified</pose>
		<truncated>0</truncated>
		<difficult>0</difficult>
		<bndbox>
			<xmin>346</xmin>
			<ymin>183</ymin>
			<xmax>358</xmax>
			<ymax>199</ymax>
		</bndbox>
	</object>
</annotation>