<annotation>
	<folder>trainA</folder>
	<filename>0a0ceca1-4148e482.jpg</filename>
	<path>C:\Users\Clarissa\capstone\Dataset\trainA\0a0ceca1-4148e482.jpg</path>
	<source>
		<database>Unknown</database>
	</source>
	<size>
		<width>1280</width>
		<height>720</height>
		<depth>3</depth>
	</size>
	<segmented>0</segmented>
	<object>
		<name>Car</name>
		<pose>Unspecified</pose>
		<truncated>1</truncated>
		<difficult>0</difficult>
		<bndbox>
			<xmin>1</xmin>
			<ymin>344</ymin>
			<xmax>70</xmax>
			<ymax>452</ymax>
		</bndbox>
	</object>
	<object>
		<name>Car</name>
		<pose>Unspecified</pose>
		<truncated>0</truncated>
		<difficult>0</difficult>
		<bndbox>
			<xmin>523</xmin>
			<ymin>357</ymin>
			<xmax>569</xmax>
			<ymax>396</ymax>
		</bndbox>
	</object>
</annotation>