<annotation>
	<folder>export</folder>
	<filename>51.jpg</filename>
	<path>C:\Users\Clarissa\capstone\Dataset\Self Driving Car.v3-fixed-small.tensorflow\export\51.jpg</path>
	<source>
		<database>Unknown</database>
	</source>
	<size>
		<width>512</width>
		<height>512</height>
		<depth>3</depth>
	</size>
	<segmented>0</segmented>
	<object>
		<name>Car</name>
		<pose>Unspecified</pose>
		<truncated>0</truncated>
		<difficult>0</difficult>
		<bndbox>
			<xmin>79</xmin>
			<ymin>238</ymin>
			<xmax>118</xmax>
			<ymax>285</ymax>
		</bndbox>
	</object>
	<object>
		<name>Car</name>
		<pose>Unspecified</pose>
		<truncated>0</truncated>
		<difficult>0</difficult>
		<bndbox>
			<xmin>199</xmin>
			<ymin>236</ymin>
			<xmax>233</xmax>
			<ymax>283</ymax>
		</bndbox>
	</object>
	<object>
		<name>Sign</name>
		<pose>Unspecified</pose>
		<truncated>1</truncated>
		<difficult>0</difficult>
		<bndbox>
			<xmin>489</xmin>
			<ymin>63</ymin>
			<xmax>512</xmax>
			<ymax>113</ymax>
		</bndbox>
	</object>
	<object>
		<name>Sign</name>
		<pose>Unspecified</pose>
		<truncated>1</truncated>
		<difficult>0</difficult>
		<bndbox>
			<xmin>487</xmin>
			<ymin>108</ymin>
			<xmax>512</xmax>
			<ymax>146</ymax>
		</bndbox>
	</object>
	<object>
		<name>Sign</name>
		<pose>Unspecified</pose>
		<truncated>0</truncated>
		<difficult>0</difficult>
		<bndbox>
			<xmin>374</xmin>
			<ymin>146</ymin>
			<xmax>428</xmax>
			<ymax>224</ymax>
		</bndbox>
	</object>
	<object>
		<name>Pedestrian</name>
		<pose>Unspecified</pose>
		<truncated>0</truncated>
		<difficult>0</difficult>
		<bndbox>
			<xmin>347</xmin>
			<ymin>221</ymin>
			<xmax>363</xmax>
			<ymax>279</ymax>
		</bndbox>
	</object>
</annotation>