<annotation>
	<folder>trainA</folder>
	<filename>0a176daf-cf60d027.jpg</filename>
	<path>C:\Users\Clarissa\capstone\Dataset\trainA\0a176daf-cf60d027.jpg</path>
	<source>
		<database>Unknown</database>
	</source>
	<size>
		<width>1280</width>
		<height>720</height>
		<depth>3</depth>
	</size>
	<segmented>0</segmented>
	<object>
		<name>Car</name>
		<pose>Unspecified</pose>
		<truncated>0</truncated>
		<difficult>0</difficult>
		<bndbox>
			<xmin>833</xmin>
			<ymin>334</ymin>
			<xmax>1103</xmax>
			<ymax>466</ymax>
		</bndbox>
	</object>
	<object>
		<name>Car</name>
		<pose>Unspecified</pose>
		<truncated>0</truncated>
		<difficult>0</difficult>
		<bndbox>
			<xmin>704</xmin>
			<ymin>325</ymin>
			<xmax>798</xmax>
			<ymax>400</ymax>
		</bndbox>
	</object>
	<object>
		<name>Car</name>
		<pose>Unspecified</pose>
		<truncated>0</truncated>
		<difficult>0</difficult>
		<bndbox>
			<xmin>589</xmin>
			<ymin>308</ymin>
			<xmax>629</xmax>
			<ymax>349</ymax>
		</bndbox>
	</object>
	<object>
		<name>Car</name>
		<pose>Unspecified</pose>
		<truncated>0</truncated>
		<difficult>0</difficult>
		<bndbox>
			<xmin>687</xmin>
			<ymin>344</ymin>
			<xmax>716</xmax>
			<ymax>377</ymax>
		</bndbox>
	</object>
</annotation>