<annotation>
	<folder>OnlineImages</folder>
	<filename>9.jpg</filename>
	<path>C:\Users\tegve\Projects Winter 2022\TFOD Capstone\OnlineImages\9.jpg</path>
	<source>
		<database>Unknown</database>
	</source>
	<size>
		<width>512</width>
		<height>512</height>
		<depth>3</depth>
	</size>
	<segmented>0</segmented>
	<object>
		<name>Truck</name>
		<pose>Unspecified</pose>
		<truncated>0</truncated>
		<difficult>0</difficult>
		<bndbox>
			<xmin>200</xmin>
			<ymin>209</ymin>
			<xmax>396</xmax>
			<ymax>451</ymax>
		</bndbox>
	</object>
	<object>
		<name>Truck</name>
		<pose>Unspecified</pose>
		<truncated>1</truncated>
		<difficult>0</difficult>
		<bndbox>
			<xmin>366</xmin>
			<ymin>218</ymin>
			<xmax>512</xmax>
			<ymax>430</ymax>
		</bndbox>
	</object>
	<object>
		<name>Truck</name>
		<pose>Unspecified</pose>
		<truncated>0</truncated>
		<difficult>0</difficult>
		<bndbox>
			<xmin>115</xmin>
			<ymin>238</ymin>
			<xmax>224</xmax>
			<ymax>428</ymax>
		</bndbox>
	</object>
	<object>
		<name>Truck</name>
		<pose>Unspecified</pose>
		<truncated>0</truncated>
		<difficult>0</difficult>
		<bndbox>
			<xmin>65</xmin>
			<ymin>274</ymin>
			<xmax>138</xmax>
			<ymax>394</ymax>
		</bndbox>
	</object>
</annotation>