<annotation>
	<folder>trainA</folder>
	<filename>0a2804db-65f4ffa1.jpg</filename>
	<path>C:\Users\Clarissa\capstone\Dataset\trainA\0a2804db-65f4ffa1.jpg</path>
	<source>
		<database>Unknown</database>
	</source>
	<size>
		<width>1280</width>
		<height>720</height>
		<depth>3</depth>
	</size>
	<segmented>0</segmented>
	<object>
		<name>Truck</name>
		<pose>Unspecified</pose>
		<truncated>0</truncated>
		<difficult>0</difficult>
		<bndbox>
			<xmin>25</xmin>
			<ymin>258</ymin>
			<xmax>174</xmax>
			<ymax>403</ymax>
		</bndbox>
	</object>
	<object>
		<name>Car</name>
		<pose>Unspecified</pose>
		<truncated>0</truncated>
		<difficult>0</difficult>
		<bndbox>
			<xmin>198</xmin>
			<ymin>293</ymin>
			<xmax>291</xmax>
			<ymax>355</ymax>
		</bndbox>
	</object>
	<object>
		<name>Pedestrian</name>
		<pose>Unspecified</pose>
		<truncated>0</truncated>
		<difficult>0</difficult>
		<bndbox>
			<xmin>946</xmin>
			<ymin>268</ymin>
			<xmax>1005</xmax>
			<ymax>429</ymax>
		</bndbox>
	</object>
</annotation>