<annotation>
	<folder>trainA</folder>
	<filename>0a348d6a-9f9be6a9.jpg</filename>
	<path>C:\Users\Clarissa\capstone\Dataset\trainA\0a348d6a-9f9be6a9.jpg</path>
	<source>
		<database>Unknown</database>
	</source>
	<size>
		<width>1280</width>
		<height>720</height>
		<depth>3</depth>
	</size>
	<segmented>0</segmented>
	<object>
		<name>Car</name>
		<pose>Unspecified</pose>
		<truncated>0</truncated>
		<difficult>0</difficult>
		<bndbox>
			<xmin>54</xmin>
			<ymin>177</ymin>
			<xmax>162</xmax>
			<ymax>258</ymax>
		</bndbox>
	</object>
	<object>
		<name>Car</name>
		<pose>Unspecified</pose>
		<truncated>0</truncated>
		<difficult>0</difficult>
		<bndbox>
			<xmin>437</xmin>
			<ymin>181</ymin>
			<xmax>492</xmax>
			<ymax>224</ymax>
		</bndbox>
	</object>
	<object>
		<name>Car</name>
		<pose>Unspecified</pose>
		<truncated>0</truncated>
		<difficult>0</difficult>
		<bndbox>
			<xmin>305</xmin>
			<ymin>179</ymin>
			<xmax>330</xmax>
			<ymax>198</ymax>
		</bndbox>
	</object>
</annotation>