<annotation>
	<folder>trainA</folder>
	<filename>0a4411cf-e30aa257.jpg</filename>
	<path>C:\Users\Clarissa\capstone\Dataset\trainA\0a4411cf-e30aa257.jpg</path>
	<source>
		<database>Unknown</database>
	</source>
	<size>
		<width>1280</width>
		<height>720</height>
		<depth>3</depth>
	</size>
	<segmented>0</segmented>
	<object>
		<name>Car</name>
		<pose>Unspecified</pose>
		<truncated>0</truncated>
		<difficult>0</difficult>
		<bndbox>
			<xmin>565</xmin>
			<ymin>246</ymin>
			<xmax>649</xmax>
			<ymax>321</ymax>
		</bndbox>
	</object>
	<object>
		<name>Pedestrian</name>
		<pose>Unspecified</pose>
		<truncated>0</truncated>
		<difficult>0</difficult>
		<bndbox>
			<xmin>695</xmin>
			<ymin>260</ymin>
			<xmax>714</xmax>
			<ymax>299</ymax>
		</bndbox>
	</object>
	<object>
		<name>Pedestrian</name>
		<pose>Unspecified</pose>
		<truncated>0</truncated>
		<difficult>0</difficult>
		<bndbox>
			<xmin>487</xmin>
			<ymin>260</ymin>
			<xmax>503</xmax>
			<ymax>299</ymax>
		</bndbox>
	</object>
	<object>
		<name>Sign</name>
		<pose>Unspecified</pose>
		<truncated>0</truncated>
		<difficult>0</difficult>
		<bndbox>
			<xmin>1163</xmin>
			<ymin>67</ymin>
			<xmax>1216</xmax>
			<ymax>114</ymax>
		</bndbox>
	</object>
</annotation>