<annotation>
	<folder>trainA</folder>
	<filename>0a48c5ed-38e5a6e1.jpg</filename>
	<path>C:\Users\Clarissa\capstone\Dataset\trainA\0a48c5ed-38e5a6e1.jpg</path>
	<source>
		<database>Unknown</database>
	</source>
	<size>
		<width>1280</width>
		<height>720</height>
		<depth>3</depth>
	</size>
	<segmented>0</segmented>
	<object>
		<name>Car</name>
		<pose>Unspecified</pose>
		<truncated>0</truncated>
		<difficult>0</difficult>
		<bndbox>
			<xmin>369</xmin>
			<ymin>233</ymin>
			<xmax>748</xmax>
			<ymax>590</ymax>
		</bndbox>
	</object>
	<object>
		<name>Car</name>
		<pose>Unspecified</pose>
		<truncated>1</truncated>
		<difficult>0</difficult>
		<bndbox>
			<xmin>1</xmin>
			<ymin>270</ymin>
			<xmax>279</xmax>
			<ymax>525</ymax>
		</bndbox>
	</object>
	<object>
		<name>Truck</name>
		<pose>Unspecified</pose>
		<truncated>0</truncated>
		<difficult>0</difficult>
		<bndbox>
			<xmin>329</xmin>
			<ymin>221</ymin>
			<xmax>449</xmax>
			<ymax>399</ymax>
		</bndbox>
	</object>
	<object>
		<name>Sign</name>
		<pose>Unspecified</pose>
		<truncated>0</truncated>
		<difficult>0</difficult>
		<bndbox>
			<xmin>845</xmin>
			<ymin>152</ymin>
			<xmax>926</xmax>
			<ymax>260</ymax>
		</bndbox>
	</object>
</annotation>