<annotation>
	<folder>trainA</folder>
	<filename>0a493f24-352f747e.jpg</filename>
	<path>C:\Users\Clarissa\capstone\Dataset\trainA\0a493f24-352f747e.jpg</path>
	<source>
		<database>Unknown</database>
	</source>
	<size>
		<width>1280</width>
		<height>720</height>
		<depth>3</depth>
	</size>
	<segmented>0</segmented>
	<object>
		<name>Car</name>
		<pose>Unspecified</pose>
		<truncated>0</truncated>
		<difficult>0</difficult>
		<bndbox>
			<xmin>616</xmin>
			<ymin>320</ymin>
			<xmax>756</xmax>
			<ymax>462</ymax>
		</bndbox>
	</object>
	<object>
		<name>Car</name>
		<pose>Unspecified</pose>
		<truncated>0</truncated>
		<difficult>0</difficult>
		<bndbox>
			<xmin>816</xmin>
			<ymin>355</ymin>
			<xmax>864</xmax>
			<ymax>404</ymax>
		</bndbox>
	</object>
	<object>
		<name>Sign</name>
		<pose>Unspecified</pose>
		<truncated>0</truncated>
		<difficult>0</difficult>
		<bndbox>
			<xmin>160</xmin>
			<ymin>342</ymin>
			<xmax>196</xmax>
			<ymax>386</ymax>
		</bndbox>
	</object>
</annotation>