<annotation>
	<folder>trainA</folder>
	<filename>0a50c21f-7ce4c307.jpg</filename>
	<path>C:\Users\Clarissa\capstone\Dataset\trainA\0a50c21f-7ce4c307.jpg</path>
	<source>
		<database>Unknown</database>
	</source>
	<size>
		<width>1280</width>
		<height>720</height>
		<depth>3</depth>
	</size>
	<segmented>0</segmented>
	<object>
		<name>Car</name>
		<pose>Unspecified</pose>
		<truncated>0</truncated>
		<difficult>0</difficult>
		<bndbox>
			<xmin>5</xmin>
			<ymin>195</ymin>
			<xmax>390</xmax>
			<ymax>437</ymax>
		</bndbox>
	</object>
	<object>
		<name>Sign</name>
		<pose>Unspecified</pose>
		<truncated>0</truncated>
		<difficult>0</difficult>
		<bndbox>
			<xmin>771</xmin>
			<ymin>41</ymin>
			<xmax>847</xmax>
			<ymax>101</ymax>
		</bndbox>
	</object>
	<object>
		<name>Sign</name>
		<pose>Unspecified</pose>
		<truncated>0</truncated>
		<difficult>0</difficult>
		<bndbox>
			<xmin>780</xmin>
			<ymin>88</ymin>
			<xmax>837</xmax>
			<ymax>128</ymax>
		</bndbox>
	</object>
</annotation>