<annotation>
	<folder>trainA</folder>
	<filename>0a50c21f-8dbacc21.jpg</filename>
	<path>C:\Users\Clarissa\capstone\Dataset\trainA\0a50c21f-8dbacc21.jpg</path>
	<source>
		<database>Unknown</database>
	</source>
	<size>
		<width>1280</width>
		<height>720</height>
		<depth>3</depth>
	</size>
	<segmented>0</segmented>
	<object>
		<name>Sign</name>
		<pose>Unspecified</pose>
		<truncated>0</truncated>
		<difficult>0</difficult>
		<bndbox>
			<xmin>941</xmin>
			<ymin>99</ymin>
			<xmax>1058</xmax>
			<ymax>163</ymax>
		</bndbox>
	</object>
	<object>
		<name>Sign</name>
		<pose>Unspecified</pose>
		<truncated>0</truncated>
		<difficult>0</difficult>
		<bndbox>
			<xmin>453</xmin>
			<ymin>168</ymin>
			<xmax>475</xmax>
			<ymax>233</ymax>
		</bndbox>
	</object>
	<object>
		<name>Sign</name>
		<pose>Unspecified</pose>
		<truncated>0</truncated>
		<difficult>0</difficult>
		<bndbox>
			<xmin>827</xmin>
			<ymin>142</ymin>
			<xmax>887</xmax>
			<ymax>190</ymax>
		</bndbox>
	</object>
</annotation>