<annotation>
	<folder>trainA</folder>
	<filename>0a594137-66f7cbe8.jpg</filename>
	<path>C:\Users\Clarissa\capstone\Dataset\trainA\0a594137-66f7cbe8.jpg</path>
	<source>
		<database>Unknown</database>
	</source>
	<size>
		<width>1280</width>
		<height>720</height>
		<depth>3</depth>
	</size>
	<segmented>0</segmented>
	<object>
		<name>Car</name>
		<pose>Unspecified</pose>
		<truncated>0</truncated>
		<difficult>0</difficult>
		<bndbox>
			<xmin>704</xmin>
			<ymin>202</ymin>
			<xmax>780</xmax>
			<ymax>253</ymax>
		</bndbox>
	</object>
	<object>
		<name>Sign</name>
		<pose>Unspecified</pose>
		<truncated>0</truncated>
		<difficult>0</difficult>
		<bndbox>
			<xmin>916</xmin>
			<ymin>87</ymin>
			<xmax>955</xmax>
			<ymax>141</ymax>
		</bndbox>
	</object>
</annotation>