<annotation>
	<folder>trainA</folder>
	<filename>0a594137-6e8ba4a6.jpg</filename>
	<path>C:\Users\Clarissa\capstone\Dataset\trainA\0a594137-6e8ba4a6.jpg</path>
	<source>
		<database>Unknown</database>
	</source>
	<size>
		<width>1280</width>
		<height>720</height>
		<depth>3</depth>
	</size>
	<segmented>0</segmented>
	<object>
		<name>Car</name>
		<pose>Unspecified</pose>
		<truncated>0</truncated>
		<difficult>0</difficult>
		<bndbox>
			<xmin>539</xmin>
			<ymin>217</ymin>
			<xmax>610</xmax>
			<ymax>268</ymax>
		</bndbox>
	</object>
	<object>
		<name>Car</name>
		<pose>Unspecified</pose>
		<truncated>0</truncated>
		<difficult>0</difficult>
		<bndbox>
			<xmin>609</xmin>
			<ymin>216</ymin>
			<xmax>651</xmax>
			<ymax>264</ymax>
		</bndbox>
	</object>
	<object>
		<name>Car</name>
		<pose>Unspecified</pose>
		<truncated>0</truncated>
		<difficult>0</difficult>
		<bndbox>
			<xmin>454</xmin>
			<ymin>215</ymin>
			<xmax>514</xmax>
			<ymax>257</ymax>
		</bndbox>
	</object>
</annotation>