<annotation>
	<folder>trainA</folder>
	<filename>0a5b3a25-81c3be4d.jpg</filename>
	<path>C:\Users\Clarissa\capstone\Dataset\trainA\0a5b3a25-81c3be4d.jpg</path>
	<source>
		<database>Unknown</database>
	</source>
	<size>
		<width>1280</width>
		<height>720</height>
		<depth>3</depth>
	</size>
	<segmented>0</segmented>
	<object>
		<name>Car</name>
		<pose>Unspecified</pose>
		<truncated>0</truncated>
		<difficult>0</difficult>
		<bndbox>
			<xmin>493</xmin>
			<ymin>290</ymin>
			<xmax>827</xmax>
			<ymax>571</ymax>
		</bndbox>
	</object>
	<object>
		<name>Truck</name>
		<pose>Unspecified</pose>
		<truncated>0</truncated>
		<difficult>0</difficult>
		<bndbox>
			<xmin>830</xmin>
			<ymin>289</ymin>
			<xmax>923</xmax>
			<ymax>370</ymax>
		</bndbox>
	</object>
</annotation>