<annotation>
	<folder>trainA</folder>
	<filename>0a5b6b75-b5beaa44.jpg</filename>
	<path>C:\Users\Clarissa\capstone\Dataset\trainA\0a5b6b75-b5beaa44.jpg</path>
	<source>
		<database>Unknown</database>
	</source>
	<size>
		<width>1280</width>
		<height>720</height>
		<depth>3</depth>
	</size>
	<segmented>0</segmented>
	<object>
		<name>Truck</name>
		<pose>Unspecified</pose>
		<truncated>1</truncated>
		<difficult>0</difficult>
		<bndbox>
			<xmin>1</xmin>
			<ymin>245</ymin>
			<xmax>145</xmax>
			<ymax>336</ymax>
		</bndbox>
	</object>
	<object>
		<name>Car</name>
		<pose>Unspecified</pose>
		<truncated>0</truncated>
		<difficult>0</difficult>
		<bndbox>
			<xmin>228</xmin>
			<ymin>247</ymin>
			<xmax>343</xmax>
			<ymax>322</ymax>
		</bndbox>
	</object>
	<object>
		<name>Car</name>
		<pose>Unspecified</pose>
		<truncated>0</truncated>
		<difficult>0</difficult>
		<bndbox>
			<xmin>327</xmin>
			<ymin>252</ymin>
			<xmax>395</xmax>
			<ymax>295</ymax>
		</bndbox>
	</object>
	<object>
		<name>Car</name>
		<pose>Unspecified</pose>
		<truncated>0</truncated>
		<difficult>0</difficult>
		<bndbox>
			<xmin>728</xmin>
			<ymin>261</ymin>
			<xmax>787</xmax>
			<ymax>301</ymax>
		</bndbox>
	</object>
</annotation>