<annotation>
	<folder>trainA</folder>
	<filename>0a5d7668-7c50fbc3.jpg</filename>
	<path>C:\Users\Clarissa\capstone\Dataset\trainA\0a5d7668-7c50fbc3.jpg</path>
	<source>
		<database>Unknown</database>
	</source>
	<size>
		<width>1280</width>
		<height>720</height>
		<depth>3</depth>
	</size>
	<segmented>0</segmented>
	<object>
		<name>Car</name>
		<pose>Unspecified</pose>
		<truncated>0</truncated>
		<difficult>0</difficult>
		<bndbox>
			<xmin>638</xmin>
			<ymin>326</ymin>
			<xmax>828</xmax>
			<ymax>447</ymax>
		</bndbox>
	</object>
	<object>
		<name>Car</name>
		<pose>Unspecified</pose>
		<truncated>1</truncated>
		<difficult>0</difficult>
		<bndbox>
			<xmin>1163</xmin>
			<ymin>503</ymin>
			<xmax>1280</xmax>
			<ymax>609</ymax>
		</bndbox>
	</object>
	<object>
		<name>Car</name>
		<pose>Unspecified</pose>
		<truncated>0</truncated>
		<difficult>0</difficult>
		<bndbox>
			<xmin>416</xmin>
			<ymin>303</ymin>
			<xmax>543</xmax>
			<ymax>419</ymax>
		</bndbox>
	</object>
	<object>
		<name>Car</name>
		<pose>Unspecified</pose>
		<truncated>0</truncated>
		<difficult>0</difficult>
		<bndbox>
			<xmin>574</xmin>
			<ymin>317</ymin>
			<xmax>651</xmax>
			<ymax>384</ymax>
		</bndbox>
	</object>
	<object>
		<name>Car</name>
		<pose>Unspecified</pose>
		<truncated>0</truncated>
		<difficult>0</difficult>
		<bndbox>
			<xmin>44</xmin>
			<ymin>277</ymin>
			<xmax>203</xmax>
			<ymax>369</ymax>
		</bndbox>
	</object>
</annotation>