<annotation>
	<folder>trainA</folder>
	<filename>0a652f39-5480c4bf.jpg</filename>
	<path>C:\Users\Clarissa\capstone\Dataset\trainA\0a652f39-5480c4bf.jpg</path>
	<source>
		<database>Unknown</database>
	</source>
	<size>
		<width>1280</width>
		<height>720</height>
		<depth>3</depth>
	</size>
	<segmented>0</segmented>
	<object>
		<name>Sign</name>
		<pose>Unspecified</pose>
		<truncated>0</truncated>
		<difficult>0</difficult>
		<bndbox>
			<xmin>917</xmin>
			<ymin>190</ymin>
			<xmax>980</xmax>
			<ymax>255</ymax>
		</bndbox>
	</object>
	<object>
		<name>Car</name>
		<pose>Unspecified</pose>
		<truncated>0</truncated>
		<difficult>0</difficult>
		<bndbox>
			<xmin>799</xmin>
			<ymin>286</ymin>
			<xmax>1020</xmax>
			<ymax>422</ymax>
		</bndbox>
	</object>
	<object>
		<name>Car</name>
		<pose>Unspecified</pose>
		<truncated>0</truncated>
		<difficult>0</difficult>
		<bndbox>
			<xmin>648</xmin>
			<ymin>277</ymin>
			<xmax>721</xmax>
			<ymax>345</ymax>
		</bndbox>
	</object>
	<object>
		<name>Car</name>
		<pose>Unspecified</pose>
		<truncated>0</truncated>
		<difficult>0</difficult>
		<bndbox>
			<xmin>124</xmin>
			<ymin>242</ymin>
			<xmax>349</xmax>
			<ymax>322</ymax>
		</bndbox>
	</object>
</annotation>