<annotation>
	<folder>trainA</folder>
	<filename>0a687576-894eae7b.jpg</filename>
	<path>C:\Users\Clarissa\capstone\Dataset\trainA\0a687576-894eae7b.jpg</path>
	<source>
		<database>Unknown</database>
	</source>
	<size>
		<width>1280</width>
		<height>720</height>
		<depth>3</depth>
	</size>
	<segmented>0</segmented>
	<object>
		<name>Car</name>
		<pose>Unspecified</pose>
		<truncated>0</truncated>
		<difficult>0</difficult>
		<bndbox>
			<xmin>473</xmin>
			<ymin>326</ymin>
			<xmax>575</xmax>
			<ymax>386</ymax>
		</bndbox>
	</object>
	<object>
		<name>Sign</name>
		<pose>Unspecified</pose>
		<truncated>0</truncated>
		<difficult>0</difficult>
		<bndbox>
			<xmin>977</xmin>
			<ymin>211</ymin>
			<xmax>1048</xmax>
			<ymax>241</ymax>
		</bndbox>
	</object>
</annotation>