<annotation>
	<folder>trainA</folder>
	<filename>0a687576-fbc0e678.jpg</filename>
	<path>C:\Users\Clarissa\capstone\Dataset\trainA\0a687576-fbc0e678.jpg</path>
	<source>
		<database>Unknown</database>
	</source>
	<size>
		<width>1280</width>
		<height>720</height>
		<depth>3</depth>
	</size>
	<segmented>0</segmented>
	<object>
		<name>Car</name>
		<pose>Unspecified</pose>
		<truncated>1</truncated>
		<difficult>0</difficult>
		<bndbox>
			<xmin>1</xmin>
			<ymin>305</ymin>
			<xmax>175</xmax>
			<ymax>524</ymax>
		</bndbox>
	</object>
</annotation>