<annotation>
	<folder>trainA</folder>
	<filename>0a6c1516-8bf6c4a6.jpg</filename>
	<path>C:\Users\Clarissa\capstone\Dataset\trainA\0a6c1516-8bf6c4a6.jpg</path>
	<source>
		<database>Unknown</database>
	</source>
	<size>
		<width>1280</width>
		<height>720</height>
		<depth>3</depth>
	</size>
	<segmented>0</segmented>
	<object>
		<name>Car</name>
		<pose>Unspecified</pose>
		<truncated>0</truncated>
		<difficult>0</difficult>
		<bndbox>
			<xmin>245</xmin>
			<ymin>254</ymin>
			<xmax>327</xmax>
			<ymax>318</ymax>
		</bndbox>
	</object>
	<object>
		<name>Car</name>
		<pose>Unspecified</pose>
		<truncated>0</truncated>
		<difficult>0</difficult>
		<bndbox>
			<xmin>346</xmin>
			<ymin>254</ymin>
			<xmax>401</xmax>
			<ymax>299</ymax>
		</bndbox>
	</object>
	<object>
		<name>Car</name>
		<pose>Unspecified</pose>
		<truncated>0</truncated>
		<difficult>0</difficult>
		<bndbox>
			<xmin>99</xmin>
			<ymin>252</ymin>
			<xmax>178</xmax>
			<ymax>287</ymax>
		</bndbox>
	</object>
</annotation>