<annotation>
	<folder>trainA</folder>
	<filename>00a820ef-2b98dcf5.jpg</filename>
	<path>C:\Users\Clarissa\capstone\Dataset\trainA\00a820ef-2b98dcf5.jpg</path>
	<source>
		<database>Unknown</database>
	</source>
	<size>
		<width>1280</width>
		<height>720</height>
		<depth>3</depth>
	</size>
	<segmented>0</segmented>
	<object>
		<name>Car</name>
		<pose>Unspecified</pose>
		<truncated>0</truncated>
		<difficult>0</difficult>
		<bndbox>
			<xmin>199</xmin>
			<ymin>345</ymin>
			<xmax>299</xmax>
			<ymax>403</ymax>
		</bndbox>
	</object>
	<object>
		<name>Truck</name>
		<pose>Unspecified</pose>
		<truncated>0</truncated>
		<difficult>0</difficult>
		<bndbox>
			<xmin>456</xmin>
			<ymin>305</ymin>
			<xmax>529</xmax>
			<ymax>390</ymax>
		</bndbox>
	</object>
	<object>
		<name>Car</name>
		<pose>Unspecified</pose>
		<truncated>1</truncated>
		<difficult>0</difficult>
		<bndbox>
			<xmin>1077</xmin>
			<ymin>300</ymin>
			<xmax>1280</xmax>
			<ymax>396</ymax>
		</bndbox>
	</object>
</annotation>